device_id,persona,home_lat,home_lon,nearest_store_id,nearest_store_name,distance_to_nearest_store_m,catchment_ring,dist_to_STR001_m,dist_to_STR002_m,dist_to_STR003_m,catchment_overlap_count,overlapping_stores,visited_any_store
01537933-5757-478d-9f81-068c4c949d29,Shopper,21.168711,79.105315,STR002,Store B - Civil Lines,2809.0,1-3km,3349.6,2809.0,8970.1,1,STR002,True
0268e1fe-2e79-46f9-8197-b5fb5ee59d3b,Commuter,21.159996,79.072998,STR001,Store A - Sitabuldi,1327.6,1-3km,1327.6,1529.5,6806.1,2,"STR001,STR002",False
0269f515-238d-4f6d-a694-a005226796b5,Resident,21.160002,79.07302,STR001,Store A - Sitabuldi,1327.0,1-3km,1327.0,1528.1,6807.2,2,"STR001,STR002",False
02d3ed90-17e2-4d87-90f8-20cdac76b047,Commuter,21.159992,79.073013,STR001,Store A - Sitabuldi,1326.4,1-3km,1326.4,1528.0,6806.0,2,"STR001,STR002",False
030381e2-f47e-41a4-8127-3c2c50256200,Shopper,21.159995,79.073004,STR001,Store A - Sitabuldi,1327.2,1-3km,1327.2,1529.0,6806.1,2,"STR001,STR002",True
03b80b11-f868-4aaa-9be3-a7b96e9c39ad,Shopper,21.139395,79.064003,STR001,Store A - Sitabuldi,2035.4,1-3km,2035.4,2589.6,4400.2,2,"STR001,STR002",True
03ce7c3f-0660-467b-894c-ac7eb8d72864,Commuter,21.16869,79.105291,STR002,Store B - Civil Lines,2805.6,1-3km,3346.2,2805.6,8966.8,1,STR002,False
03fee6b1-54ca-49ae-ba97-ea8b99e3976e,Resident,21.160024,79.072975,STR001,Store A - Sitabuldi,1331.6,1-3km,1331.6,1533.3,6808.7,2,"STR001,STR002",False
0578ee84-f506-49d5-86b2-f1896d2fa651,Commuter,21.139362,79.064003,STR001,Store A - Sitabuldi,2037.5,1-3km,2037.5,2591.6,4396.5,2,"STR001,STR002",False
06ad23b7-08bb-4d96-8bd0-c439c583979f,Commuter,21.139405,79.064005,STR001,Store A - Sitabuldi,2034.7,1-3km,2034.7,2588.9,4401.2,2,"STR001,STR002",False
0728ab49-f3be-466a-9829-c7b378dd5101,Resident,21.139386,79.063983,STR001,Store A - Sitabuldi,2037.6,1-3km,2037.6,2591.9,4399.0,2,"STR001,STR002",False
082aaa30-5340-4b2f-bdaa-6193dac3ee1d,Commuter,21.160021,79.072994,STR001,Store A - Sitabuldi,1330.3,1-3km,1330.3,1531.6,6808.8,2,"STR001,STR002",False
095a4b88-5a02-48bb-b89e-cfe74265e667,Resident,21.168711,79.105303,STR002,Store B - Civil Lines,2808.1,1-3km,3348.7,2808.1,8969.5,1,STR002,False
0a4c77aa-b23e-45c3-9ec4-fd5aac171a74,Resident,21.168727,79.105285,STR002,Store B - Civil Lines,2807.9,1-3km,3348.3,2807.9,8970.0,1,STR002,False
0a51f2c8-74ff-47fc-97e2-3abcabd81e66,Resident,21.168715,79.105284,STR002,Store B - Civil Lines,2806.9,1-3km,3347.4,2806.9,8968.8,1,STR002,False
0a91a99a-66be-479b-888f-746899b7e472,Commuter,21.168713,79.105295,STR002,Store B - Civil Lines,2807.6,1-3km,3348.2,2807.6,8969.2,1,STR002,False
0b2d6c5e-5e8f-4e62-a953-3a93d6cebd5b,Commuter,21.139382,79.063997,STR001,Store A - Sitabuldi,2036.7,1-3km,2036.7,2590.9,4398.7,2,"STR001,STR002",False
0bb01a69-eb37-48a0-817c-eb78e89cc34f,Commuter,21.168716,79.105304,STR002,Store B - Civil Lines,2808.5,1-3km,3349.1,2808.5,8970.0,1,STR002,False
0bda8892-a71a-493b-b690-475c5dd41603,Shopper,21.160004,79.073009,STR001,Store A - Sitabuldi,1327.8,1-3km,1327.8,1529.2,6807.2,2,"STR001,STR002",True
0bdb9c74-a893-4da0-b6f7-f40642761263,Commuter,21.160006,79.07299,STR001,Store A - Sitabuldi,1329.0,1-3km,1329.0,1530.8,6807.0,2,"STR001,STR002",False
0c2f61c7-22c1-48bf-b8be-bb94df688040,Resident,21.168689,79.105321,STR002,Store B - Civil Lines,2807.9,1-3km,3348.6,2807.9,8968.4,1,STR002,False
0d299efd-08e3-4122-a05f-eca4db791911,Commuter,21.160011,79.073003,STR001,Store A - Sitabuldi,1328.7,1-3km,1328.7,1530.1,6807.8,2,"STR001,STR002",False
0dedf664-7ee4-4bec-9b40-6698aea84394,Commuter,21.139407,79.06401,STR001,Store A - Sitabuldi,2034.1,1-3km,2034.1,2588.4,4401.5,2,"STR001,STR002",False
0e3fffb5-fb51-4a80-a611-8592c96e801d,Resident,21.168723,79.10531,STR002,Store B - Civil Lines,2809.5,1-3km,3350.0,2809.5,8971.0,1,STR002,False
0e410253-10dd-41d6-9215-2644ef0ad210,Commuter,21.159968,79.072991,STR001,Store A - Sitabuldi,1325.5,1-3km,1325.5,1528.4,6802.9,2,"STR001,STR002",False
0fb5a59b-38a1-41f0-a674-440873e41cf4,Shopper,21.168701,79.105283,STR002,Store B - Civil Lines,2805.8,1-3km,3346.3,2805.8,8967.4,1,STR002,True
114e6490-d2cc-447c-999c-a47c51137e56,Shopper,21.16,79.072997,STR001,Store A - Sitabuldi,1328.1,1-3km,1328.1,1529.9,6806.6,2,"STR001,STR002",True
131d5c1b-c5f0-4a8c-a19a-f70c67d79d5a,Resident,21.16003,79.072991,STR001,Store A - Sitabuldi,1331.2,1-3km,1331.2,1532.3,6809.7,2,"STR001,STR002",False
15d332a0-4b4f-46cf-a0fb-b5f8b538b0ce,Commuter,21.139415,79.064014,STR001,Store A - Sitabuldi,2033.2,1-3km,2033.2,2587.5,4402.4,2,"STR001,STR002",False
16237853-3885-4120-b1d6-d9e961c226d4,Commuter,21.159993,79.073001,STR001,Store A - Sitabuldi,1327.2,1-3km,1327.2,1529.2,6805.8,2,"STR001,STR002",False
17f9475a-bf2a-4362-90d0-80cc6efde484,Commuter,21.168715,79.105306,STR002,Store B - Civil Lines,2808.7,1-3km,3349.2,2808.7,8970.1,1,STR002,False
19230404-a317-4f62-88a8-5e33a9e44638,Resident,21.139393,79.064021,STR001,Store A - Sitabuldi,2034.0,1-3km,2034.0,2588.2,4400.1,2,"STR001,STR002",False
196204fe-2b0e-4567-8dcb-0754d3739b3c,Resident,21.139423,79.064008,STR001,Store A - Sitabuldi,2033.2,1-3km,2033.2,2587.5,4403.3,2,"STR001,STR002",False
198016c6-5a79-4ac8-a07f-3f4c2cf8b84f,Resident,21.139376,79.064,STR001,Store A - Sitabuldi,2036.9,1-3km,2036.9,2591.0,4398.1,2,"STR001,STR002",False
1a14a0a9-bf73-4327-9f62-6bcf3e464dd3,Shopper,21.160007,79.073004,STR001,Store A - Sitabuldi,1328.3,1-3km,1328.3,1529.8,6807.4,2,"STR001,STR002",True
1a14f373-a8a4-4a4c-bad8-01a4cdfb7019,Resident,21.159991,79.073002,STR001,Store A - Sitabuldi,1327.0,1-3km,1327.0,1528.9,6805.6,2,"STR001,STR002",False
1aa923a9-d26f-4be1-99ec-770011debbcc,Resident,21.159992,79.072997,STR001,Store A - Sitabuldi,1327.3,1-3km,1327.3,1529.4,6805.6,2,"STR001,STR002",False
1af5b329-bb20-431e-9f7d-2f13eed41dd1,Shopper,21.160011,79.073,STR001,Store A - Sitabuldi,1329.0,1-3km,1329.0,1530.4,6807.8,2,"STR001,STR002",True
1b1d88b0-39f9-488b-a9fa-6fe62a95b2f3,Resident,21.160019,79.072999,STR001,Store A - Sitabuldi,1329.8,1-3km,1329.8,1531.0,6808.7,2,"STR001,STR002",False
1b66d04e-5d9e-464d-8e2d-84648826eb19,Resident,21.139406,79.064025,STR001,Store A - Sitabuldi,2032.9,1-3km,2032.9,2587.1,4401.6,2,"STR001,STR002",False
1bb0fef9-29ca-47ec-b9f5-45186b127fb5,Resident,21.168723,79.105297,STR002,Store B - Civil Lines,2808.5,1-3km,3348.9,2808.5,8970.2,1,STR002,False
1ce8463f-da67-4efb-92c3-f3c88c51efc2,Shopper,21.139378,79.064001,STR001,Store A - Sitabuldi,2036.7,1-3km,2036.7,2590.8,4398.2,2,"STR001,STR002",True
1cfc8dd3-3ae5-48f6-9a3a-f053ca85624b,Shopper,21.139407,79.063983,STR001,Store A - Sitabuldi,2036.4,1-3km,2036.4,2590.7,4401.3,2,"STR001,STR002",True
1e8f91ac-00f7-4fe7-aefc-e35d2a08e341,Commuter,21.160015,79.072997,STR001,Store A - Sitabuldi,1329.5,1-3km,1329.5,1530.9,6808.1,2,"STR001,STR002",False
205c676a-e0d6-4167-9ab7-ecbce9470bee,Shopper,21.160008,79.073009,STR001,Store A - Sitabuldi,1328.2,1-3km,1328.2,1529.4,6807.7,2,"STR001,STR002",True
20dac986-bb71-4685-a1fd-c68291fbf824,Resident,21.160001,79.073003,STR001,Store A - Sitabuldi,1327.9,1-3km,1327.9,1529.5,6806.8,2,"STR001,STR002",False
213bca7c-9925-4e53-9559-c68a5856484d,Resident,21.139424,79.064009,STR001,Store A - Sitabuldi,2033.1,1-3km,2033.1,2587.4,4403.4,2,"STR001,STR002",False
21e003be-73b1-41e9-b6d1-62bacb313a3d,Resident,21.16872,79.105303,STR002,Store B - Civil Lines,2808.7,1-3km,3349.3,2808.7,8970.3,1,STR002,False
21ef8ef4-5398-4496-9991-52f981d02f97,Shopper,21.168693,79.105315,STR002,Store B - Civil Lines,2807.7,1-3km,3348.4,2807.7,8968.4,1,STR002,True
220bb134-3299-4816-a291-9a30f766c886,Commuter,21.13939,79.064007,STR001,Store A - Sitabuldi,2035.4,1-3km,2035.4,2589.6,4399.7,2,"STR001,STR002",False
23896734-b72f-4414-b875-a6287b8f5fa7,Commuter,21.168718,79.105324,STR002,Store B - Civil Lines,2810.2,1-3km,3350.8,2810.2,8971.3,1,STR002,False
242f8fcc-0828-4258-a2b4-ff7efabe45ff,Commuter,21.159996,79.073004,STR001,Store A - Sitabuldi,1327.3,1-3km,1327.3,1529.1,6806.2,2,"STR001,STR002",False
24320e73-610d-4476-8bcd-35f596debbcb,Commuter,21.168689,79.105281,STR002,Store B - Civil Lines,2804.8,1-3km,3345.4,2804.8,8966.2,1,STR002,False
2460f29c-6a34-4736-a1e6-f54be4e7b4b0,Resident,21.139415,79.063996,STR001,Store A - Sitabuldi,2034.7,1-3km,2034.7,2589.0,4402.3,2,"STR001,STR002",False
26f82ec2-e3b3-4564-b38c-b9400614d512,Commuter,21.160003,79.07304,STR001,Store A - Sitabuldi,1326.0,1-3km,1326.0,1526.5,6807.8,2,"STR001,STR002",False
26fad498-99bc-46df-93f7-6221623138b0,Shopper,21.168708,79.105268,STR002,Store B - Civil Lines,2805.2,1-3km,3345.6,2805.2,8967.3,1,STR002,True
27bcee5b-e108-438c-a60a-db388c34f942,Commuter,21.13941,79.063992,STR001,Store A - Sitabuldi,2035.3,1-3km,2035.3,2589.7,4401.7,2,"STR001,STR002",False
282d5ce9-e61b-4dd8-a0c4-e05196c841b4,Commuter,21.16868,79.105319,STR002,Store B - Civil Lines,2807.1,1-3km,3347.8,2807.1,8967.4,1,STR002,False
28310971-6998-4a51-aa0a-99f55f8f2344,Shopper,21.139395,79.064021,STR001,Store A - Sitabuldi,2033.9,1-3km,2033.9,2588.1,4400.3,2,"STR001,STR002",True
283864e5-6879-4b4f-b7fa-85b887708f4e,Shopper,21.159995,79.073011,STR001,Store A - Sitabuldi,1326.8,1-3km,1326.8,1528.4,6806.2,2,"STR001,STR002",True
28ba0be4-5437-4539-a155-cac48c40f5db,Commuter,21.139414,79.063996,STR001,Store A - Sitabuldi,2034.8,1-3km,2034.8,2589.2,4402.1,2,"STR001,STR002",False
29890fcb-ab3a-4de8-9747-f77d9af9a0f1,Shopper,21.168675,79.105303,STR002,Store B - Civil Lines,2805.5,1-3km,3346.2,2805.5,8966.1,1,STR002,True
2ae4c52b-74a1-484d-8674-3ba3d8027741,Shopper,21.139407,79.063998,STR001,Store A - Sitabuldi,2035.1,1-3km,2035.1,2589.3,4401.4,2,"STR001,STR002",True
2b493748-3c2b-4b6b-b625-9c241dcabb31,Resident,21.160014,79.073015,STR001,Store A - Sitabuldi,1328.3,1-3km,1328.3,1529.2,6808.4,2,"STR001,STR002",False
2b543c10-179a-420a-895f-ce205691f449,Resident,21.139387,79.063983,STR001,Store A - Sitabuldi,2037.6,1-3km,2037.6,2591.9,4399.0,2,"STR001,STR002",False
2beba2b7-8630-493c-b7bc-c6f3cba84732,Resident,21.168714,79.105323,STR002,Store B - Civil Lines,2809.9,1-3km,3350.5,2809.9,8970.9,1,STR002,False
2c10327f-3220-41b2-b171-ad161d45b652,Resident,21.139407,79.064023,STR001,Store A - Sitabuldi,2032.9,1-3km,2032.9,2587.1,4401.7,2,"STR001,STR002",False
2d174979-0c47-47b8-b9f3-a7e720319fc8,Commuter,21.139405,79.063979,STR001,Store A - Sitabuldi,2036.9,1-3km,2036.9,2591.2,4401.0,2,"STR001,STR002",False
2d9cba40-0cfd-4533-8bfa-25dc3f076f82,Resident,21.168707,79.10532,STR002,Store B - Civil Lines,2809.1,1-3km,3349.8,2809.1,8970.0,1,STR002,False
2e76a672-89ee-432c-84ea-08d07c185414,Resident,21.159995,79.07299,STR001,Store A - Sitabuldi,1328.1,1-3km,1328.1,1530.2,6805.9,2,"STR001,STR002",False
2ec40bb2-bc1b-4799-8673-44884df7bb6e,Commuter,21.168703,79.105268,STR002,Store B - Civil Lines,2804.8,1-3km,3345.2,2804.8,8966.8,1,STR002,False
2ed154e0-d5f2-4d33-9c12-0d6da7ba04cf,Shopper,21.168704,79.1053,STR002,Store B - Civil Lines,2807.4,1-3km,3347.9,2807.4,8968.6,1,STR002,True
2f364b58-7b18-4596-adfb-be3ba7ce63f7,Shopper,21.1394,79.064006,STR001,Store A - Sitabuldi,2034.8,1-3km,2034.8,2589.1,4400.7,2,"STR001,STR002",True
2f66262f-6a77-4927-ad36-2f6ec230dbdb,Resident,21.139402,79.063964,STR001,Store A - Sitabuldi,2038.3,1-3km,2038.3,2592.6,4400.6,2,"STR001,STR002",False
30dfa0b8-1847-475a-af2b-ef8d1093cac6,Commuter,21.160017,79.07301,STR001,Store A - Sitabuldi,1328.9,1-3km,1328.9,1529.9,6808.7,2,"STR001,STR002",False
32656820-94dd-4ed7-805e-33d481796417,Commuter,21.159997,79.073015,STR001,Store A - Sitabuldi,1326.8,1-3km,1326.8,1528.2,6806.5,2,"STR001,STR002",False
33aa649c-5851-4a3d-a63c-ee26c582a044,Commuter,21.139397,79.064002,STR001,Store A - Sitabuldi,2035.4,1-3km,2035.4,2589.6,4400.4,2,"STR001,STR002",False
33dbb246-8d73-4cfb-8fce-36ae8606ebe1,Resident,21.168714,79.105285,STR002,Store B - Civil Lines,2806.9,1-3km,3347.4,2806.9,8968.8,1,STR002,False
3402390c-9028-4da2-9062-a93db89ba428,Resident,21.139378,79.064006,STR001,Store A - Sitabuldi,2036.3,1-3km,2036.3,2590.4,4398.3,2,"STR001,STR002",False
34461af2-cc11-4c76-9e4a-9a53d9d56328,Commuter,21.159982,79.073035,STR001,Store A - Sitabuldi,1324.3,1-3km,1324.3,1525.6,6805.4,2,"STR001,STR002",False
34c939f7-62c3-4243-af76-930a52479667,Resident,21.168711,79.105302,STR002,Store B - Civil Lines,2808.0,1-3km,3348.6,2808.0,8969.4,1,STR002,False
35a7267f-6ac8-4946-bb31-aca7e036f66f,Resident,21.168705,79.105298,STR002,Store B - Civil Lines,2807.3,1-3km,3347.9,2807.3,8968.7,1,STR002,False
3610e6ef-f503-444f-bd1a-93a8c82918d8,Commuter,21.139408,79.063995,STR001,Store A - Sitabuldi,2035.3,1-3km,2035.3,2589.6,4401.5,2,"STR001,STR002",False
36a28e59-052a-4fcf-9be8-2212020d070d,Resident,21.159997,79.073004,STR001,Store A - Sitabuldi,1327.4,1-3km,1327.4,1529.1,6806.3,2,"STR001,STR002",False
36c430e4-a6cb-497c-9ee8-2dae04ffb982,Resident,21.139428,79.063983,STR001,Store A - Sitabuldi,2035.0,1-3km,2035.0,2589.4,4403.6,2,"STR001,STR002",False
37351fa9-8eec-42ab-9c54-dcdd2d0c45e7,Commuter,21.168705,79.105282,STR002,Store B - Civil Lines,2806.0,1-3km,3346.6,2806.0,8967.8,1,STR002,False
373533e6-ca50-495b-8dbc-28206dad3db4,Shopper,21.139398,79.064009,STR001,Store A - Sitabuldi,2034.7,1-3km,2034.7,2589.0,4400.6,2,"STR001,STR002",True
379a4474-3017-4dfb-8281-14197f70f731,Commuter,21.139378,79.064004,STR001,Store A - Sitabuldi,2036.4,1-3km,2036.4,2590.6,4398.3,2,"STR001,STR002",False
37e0f0f0-ac58-49d6-ba3c-1318531506fa,Shopper,21.16871,79.105296,STR002,Store B - Civil Lines,2807.5,1-3km,3348.1,2807.5,8969.1,1,STR002,True
38626618-1ade-4529-a5ea-338622c33bd8,Commuter,21.16001,79.073004,STR001,Store A - Sitabuldi,1328.6,1-3km,1328.6,1530.0,6807.7,2,"STR001,STR002",False
38d9ff3e-5bc2-4ad0-8cff-fd7d704834e0,Commuter,21.139427,79.063989,STR001,Store A - Sitabuldi,2034.5,1-3km,2034.5,2588.9,4403.6,2,"STR001,STR002",False
399733e8-2132-45b7-8abb-70475fcacc70,Resident,21.160005,79.073018,STR001,Store A - Sitabuldi,1327.4,1-3km,1327.4,1528.5,6807.5,2,"STR001,STR002",False
39a0db79-f4f5-41db-a172-573d8f6e9046,Resident,21.160017,79.073011,STR001,Store A - Sitabuldi,1328.8,1-3km,1328.8,1529.8,6808.6,2,"STR001,STR002",False
39c95a5b-5725-4dd1-9742-213b732f4dea,Commuter,21.168719,79.105303,STR002,Store B - Civil Lines,2808.7,1-3km,3349.2,2808.7,8970.2,1,STR002,False
3b2c4c41-528a-44bc-8e25-cc9ccc3e1300,Shopper,21.16001,79.07299,STR001,Store A - Sitabuldi,1329.4,1-3km,1329.4,1531.1,6807.5,2,"STR001,STR002",True
3b3bce55-9816-4540-8ebc-e13afea16c4b,Shopper,21.168706,79.10529,STR002,Store B - Civil Lines,2806.6,1-3km,3347.2,2806.6,8968.2,1,STR002,True
3b717e8e-4885-4f4d-9556-96adc189d9f4,Shopper,21.168714,79.105265,STR002,Store B - Civil Lines,2805.4,1-3km,3345.8,2805.4,8967.7,1,STR002,True
3c1abc00-adb5-48e7-8c88-d12a05b996af,Commuter,21.139381,79.06398,STR001,Store A - Sitabuldi,2038.2,1-3km,2038.2,2592.4,4398.4,2,"STR001,STR002",False
3c8861c0-432b-43af-a56e-941f97ef1f1f,Shopper,21.159987,79.073011,STR001,Store A - Sitabuldi,1326.1,1-3km,1326.1,1527.9,6805.4,2,"STR001,STR002",True
3caa6273-6f83-4377-a376-b2ae2f5bc925,Commuter,21.168688,79.105293,STR002,Store B - Civil Lines,2805.7,1-3km,3346.3,2805.7,8966.8,1,STR002,False
3d25addf-1839-4097-b202-9c1ad6aac616,Resident,21.159941,79.072999,STR001,Store A - Sitabuldi,1322.5,1-3km,1322.5,1525.9,6800.1,2,"STR001,STR002",False
3d31bf8d-4df8-4dc9-9425-a3356b58884b,Resident,21.139383,79.063996,STR001,Store A - Sitabuldi,2036.8,1-3km,2036.8,2591.0,4398.8,2,"STR001,STR002",False
3db7536d-a385-4a95-b091-cf8d08348e19,Shopper,21.168703,79.105307,STR002,Store B - Civil Lines,2807.8,1-3km,3348.5,2807.8,8969.0,1,STR002,True
3e241eec-1805-47c1-a774-5f98e74869e4,Commuter,21.139417,79.064018,STR001,Store A - Sitabuldi,2032.8,1-3km,2032.8,2587.0,4402.7,2,"STR001,STR002",False
3e9346ca-1a35-43cb-908b-2e9c7557751f,Resident,21.160001,79.07298,STR001,Store A - Sitabuldi,1329.1,1-3km,1329.1,1531.4,6806.2,2,"STR001,STR002",False
3ef18f91-5397-40b6-acf2-19e6c6bfcf07,Shopper,21.160025,79.072995,STR001,Store A - Sitabuldi,1330.5,1-3km,1330.5,1531.7,6809.2,2,"STR001,STR002",True
3f1939bf-3e21-4fd2-bfaf-b63d80f45940,Commuter,21.139413,79.064003,STR001,Store A - Sitabuldi,2034.2,1-3km,2034.2,2588.5,4402.2,2,"STR001,STR002",False
40d55c41-9a6b-4715-9b9a-a188295e7634,Resident,21.1394,79.063964,STR001,Store A - Sitabuldi,2038.4,1-3km,2038.4,2592.7,4400.3,2,"STR001,STR002",False
40de7bf8-6941-413b-bc9d-ceadcaa5a7e5,Commuter,21.139412,79.06397,STR001,Store A - Sitabuldi,2037.1,1-3km,2037.1,2591.5,4401.7,2,"STR001,STR002",False
40f00d86-ac94-45d9-8542-dae4262f6a66,Commuter,21.139388,79.064027,STR001,Store A - Sitabuldi,2033.8,1-3km,2033.8,2588.0,4399.6,2,"STR001,STR002",False
4164a605-221e-45bc-9706-b5136c211368,Commuter,21.16869,79.105285,STR002,Store B - Civil Lines,2805.2,1-3km,3345.7,2805.2,8966.5,1,STR002,False
426198e2-fd0b-4b9a-acc5-e8195b28e2fb,Resident,21.160014,79.073006,STR001,Store A - Sitabuldi,1328.8,1-3km,1328.8,1530.0,6808.2,2,"STR001,STR002",False
4403a7b4-f849-4c1a-86a0-6cb05374d38b,Resident,21.160011,79.072985,STR001,Store A - Sitabuldi,1329.8,1-3km,1329.8,1531.6,6807.5,2,"STR001,STR002",False
4418897d-2451-4bae-88bf-b3cfd42ce222,Shopper,21.168699,79.105303,STR002,Store B - Civil Lines,2807.2,1-3km,3347.8,2807.2,8968.3,1,STR002,True
44f6caf6-5f5e-42ab-8c73-8a53902f224e,Resident,21.160031,79.072977,STR001,Store A - Sitabuldi,1332.1,1-3km,1332.1,1533.6,6809.5,2,"STR001,STR002",False
45578267-2bf2-4c6c-80d4-e9479f648beb,Commuter,21.139399,79.063982,STR001,Store A - Sitabuldi,2037.0,1-3km,2037.0,2591.3,4400.4,2,"STR001,STR002",False
46782428-cd36-45e3-9dfb-75fe94799a95,Resident,21.160019,79.07299,STR001,Store A - Sitabuldi,1330.2,1-3km,1330.2,1531.7,6808.4,2,"STR001,STR002",False
46de4c27-f671-4aa0-ba9f-c3a617c20964,Resident,21.159976,79.072982,STR001,Store A - Sitabuldi,1326.7,1-3km,1326.7,1529.6,6803.6,2,"STR001,STR002",False
46fa0eca-5a7f-4434-a6f7-e2888a181b66,Resident,21.13939,79.064035,STR001,Store A - Sitabuldi,2033.0,1-3km,2033.0,2587.1,4399.9,2,"STR001,STR002",False
47568e3e-56d1-40db-9472-0244b609f453,Commuter,21.13943,79.064001,STR001,Store A - Sitabuldi,2033.3,1-3km,2033.3,2587.7,4404.0,2,"STR001,STR002",False
47afb242-a694-41f3-baf5-ddfbcae69dda,Commuter,21.168688,79.105326,STR002,Store B - Civil Lines,2808.2,1-3km,3348.9,2808.2,8968.5,1,STR002,False
489a4239-9465-46fc-ae02-c4dc013f9857,Shopper,21.139412,79.063998,STR001,Store A - Sitabuldi,2034.7,1-3km,2034.7,2589.0,4402.0,2,"STR001,STR002",True
49a3dd7c-9321-4e0d-a0d6-6eb2ebe8ecee,Shopper,21.160012,79.072985,STR001,Store A - Sitabuldi,1329.9,1-3km,1329.9,1531.7,6807.6,2,"STR001,STR002",True
49b83395-acb6-483b-ab20-34e166f00082,Commuter,21.16869,79.105312,STR002,Store B - Civil Lines,2807.2,1-3km,3347.9,2807.2,8968.0,1,STR002,False
4a3cd0db-9324-4c91-86de-cc87b5be02e7,Resident,21.160032,79.072983,STR001,Store A - Sitabuldi,1331.9,1-3km,1331.9,1533.2,6809.7,2,"STR001,STR002",False
4a7be522-1b03-47b0-8597-2d964f61638f,Resident,21.139401,79.063996,STR001,Store A - Sitabuldi,2035.6,1-3km,2035.6,2589.9,4400.8,2,"STR001,STR002",False
4a8c1d54-3b2e-4a74-9d96-e89812add307,Shopper,21.159997,79.073008,STR001,Store A - Sitabuldi,1327.2,1-3km,1327.2,1528.8,6806.4,2,"STR001,STR002",True
4bccb943-3605-42a5-817a-591ba16cf61d,Resident,21.139395,79.064004,STR001,Store A - Sitabuldi,2035.3,1-3km,2035.3,2589.5,4400.2,2,"STR001,STR002",False
4bde8470-33e7-4304-916f-4d1cc6d0c400,Resident,21.139383,79.063962,STR001,Store A - Sitabuldi,2039.7,1-3km,2039.7,2594.0,4398.4,2,"STR001,STR002",False
4c677d95-5c5c-41e8-bf74-d98dd8bf7722,Resident,21.168719,79.105298,STR002,Store B - Civil Lines,2808.3,1-3km,3348.8,2808.3,8969.9,1,STR002,False
4cc81922-b5bc-4f5e-92c3-cb9a3d71c036,Resident,21.139404,79.063982,STR001,Store A - Sitabuldi,2036.6,1-3km,2036.6,2590.9,4400.9,2,"STR001,STR002",False
4cea5167-f1cd-4f70-9d7b-32685272ad81,Commuter,21.159999,79.07299,STR001,Store A - Sitabuldi,1328.4,1-3km,1328.4,1530.4,6806.3,2,"STR001,STR002",False
4d1827ff-a3c4-43aa-b8f8-5318d27fd867,Resident,21.160009,79.072998,STR001,Store A - Sitabuldi,1328.8,1-3km,1328.8,1530.4,6807.5,2,"STR001,STR002",False
4db58cb7-2059-4978-98cd-711352bae3dd,Shopper,21.168715,79.105294,STR002,Store B - Civil Lines,2807.7,1-3km,3348.2,2807.7,8969.4,1,STR002,True
4dbdaa9e-5da6-48c3-b285-1e64f5e84634,Resident,21.139379,79.064,STR001,Store A - Sitabuldi,2036.7,1-3km,2036.7,2590.9,4398.4,2,"STR001,STR002",False
4eb71d7c-1040-4ff1-9ea0-d26b9a92e7e5,Commuter,21.159986,79.073007,STR001,Store A - Sitabuldi,1326.2,1-3km,1326.2,1528.2,6805.3,2,"STR001,STR002",False
4ee1984a-17f0-4754-b364-d7c956ccbe21,Commuter,21.168707,79.105288,STR002,Store B - Civil Lines,2806.7,1-3km,3347.2,2806.7,8968.3,1,STR002,False
4f2d6ccb-8eae-490e-b100-108141fea6ef,Commuter,21.139394,79.06399,STR001,Store A - Sitabuldi,2036.6,1-3km,2036.6,2590.8,4399.9,2,"STR001,STR002",False
4fc0b051-c9d3-4a61-b551-8bd2adcca4a9,Commuter,21.168697,79.105303,STR002,Store B - Civil Lines,2807.0,1-3km,3347.6,2807.0,8968.1,1,STR002,False
4fe6f5c4-d669-4278-bde1-2abfbd7be882,Resident,21.159992,79.072984,STR001,Store A - Sitabuldi,1328.1,1-3km,1328.1,1530.5,6805.4,2,"STR001,STR002",False
505e4fa7-39e9-4474-8054-baf09f8752a1,Resident,21.139409,79.063986,STR001,Store A - Sitabuldi,2036.0,1-3km,2036.0,2590.3,4401.5,2,"STR001,STR002",False
50a80eb0-0d01-4fde-853c-2dbb412dfa8b,Commuter,21.16869,79.105319,STR002,Store B - Civil Lines,2807.8,1-3km,3348.5,2807.8,8968.4,1,STR002,False
50df4450-bd7e-420f-a730-b5c0eecbb716,Commuter,21.168686,79.105306,STR002,Store B - Civil Lines,2806.6,1-3km,3347.2,2806.6,8967.3,1,STR002,False
51137cef-5a7e-4cce-8d16-faf048583ec2,Shopper,21.139402,79.064012,STR001,Store A - Sitabuldi,2034.3,1-3km,2034.3,2588.5,4401.0,2,"STR001,STR002",True
514f03be-8b45-4ea1-b5be-8576dad1f2ee,Resident,21.168699,79.105325,STR002,Store B - Civil Lines,2808.9,1-3km,3349.6,2808.9,8969.5,1,STR002,False
51c2a2ce-8823-4349-ac86-7926d4938033,Resident,21.168691,79.105323,STR002,Store B - Civil Lines,2808.2,1-3km,3348.9,2808.2,8968.7,1,STR002,False
51f3be9e-f02f-4b39-836d-0237104ff38a,Commuter,21.139418,79.064001,STR001,Store A - Sitabuldi,2034.1,1-3km,2034.1,2588.4,4402.7,2,"STR001,STR002",False
520651b6-f36f-4f5a-a6ae-48054ca4f38a,Resident,21.160034,79.073001,STR001,Store A - Sitabuldi,1331.0,1-3km,1331.0,1531.8,6810.3,2,"STR001,STR002",False
52481888-ccc4-4804-88ed-0d00b8c8aa26,Commuter,21.168709,79.105302,STR002,Store B - Civil Lines,2807.9,1-3km,3348.4,2807.9,8969.2,1,STR002,False
53401c26-31f7-445f-8874-aa01a23d2932,Commuter,21.160005,79.072996,STR001,Store A - Sitabuldi,1328.7,1-3km,1328.7,1530.4,6807.1,2,"STR001,STR002",False
536f3ebe-64e4-4425-834c-2fcb62b8aa19,Commuter,21.139403,79.064012,STR001,Store A - Sitabuldi,2034.1,1-3km,2034.1,2588.4,4401.1,2,"STR001,STR002",False
5382d407-8c7a-485d-9256-3193e8313379,Resident,21.139416,79.063999,STR001,Store A - Sitabuldi,2034.4,1-3km,2034.4,2588.8,4402.4,2,"STR001,STR002",False
53f92700-dc1f-4423-89cd-df1f53a519f1,Commuter,21.139418,79.064,STR001,Store A - Sitabuldi,2034.2,1-3km,2034.2,2588.5,4402.7,2,"STR001,STR002",False
5423fb53-4a57-43f4-bd84-08d9a4d71bec,Shopper,21.139395,79.06397,STR001,Store A - Sitabuldi,2038.3,1-3km,2038.3,2592.6,4399.8,2,"STR001,STR002",True
55361b17-2e2b-497c-906a-cb4bee959f26,Commuter,21.168674,79.10529,STR002,Store B - Civil Lines,2804.4,1-3km,3345.0,2804.4,8965.3,1,STR002,False
553a1bcc-8dd9-449b-b21d-629b4ea26f81,Resident,21.168702,79.105319,STR002,Store B - Civil Lines,2808.7,1-3km,3349.3,2808.7,8969.5,1,STR002,False
554bdaee-522d-42c4-a089-066cc0ea677a,Shopper,21.159982,79.072994,STR001,Store A - Sitabuldi,1326.6,1-3km,1326.6,1529.0,6804.5,2,"STR001,STR002",True
55c7365c-800e-49d6-9117-67d13725157c,Shopper,21.159991,79.073015,STR001,Store A - Sitabuldi,1326.2,1-3km,1326.2,1527.8,6805.9,2,"STR001,STR002",True
5661e4b4-4147-484f-af93-2d1140d34d52,Resident,21.159991,79.073022,STR001,Store A - Sitabuldi,1325.8,1-3km,1325.8,1527.2,6806.1,2,"STR001,STR002",False
56f03ff9-f9dd-4469-95a3-25b3b67578ef,Commuter,21.168714,79.10532,STR002,Store B - Civil Lines,2809.7,1-3km,3350.3,2809.7,8970.7,1,STR002,False
56f1d292-cb71-4162-9848-7ba1db0c92a7,Resident,21.139436,79.064,STR001,Store A - Sitabuldi,2033.0,1-3km,2033.0,2587.4,4404.7,2,"STR001,STR002",False
5809b5b3-19f4-43b2-84c1-35703e010054,Commuter,21.139396,79.063994,STR001,Store A - Sitabuldi,2036.1,1-3km,2036.1,2590.4,4400.1,2,"STR001,STR002",False
5835962e-4397-4043-9603-debba1dbd131,Resident,21.159999,79.07301,STR001,Store A - Sitabuldi,1327.3,1-3km,1327.3,1528.7,6806.7,2,"STR001,STR002",False
583b05c2-8053-48cf-ac4e-74a6ff066f36,Shopper,21.168674,79.105276,STR002,Store B - Civil Lines,2803.3,1-3km,3343.9,2803.3,8964.5,1,STR002,True
58761b48-da06-4aca-99b2-c7b1b9527bff,Commuter,21.139369,79.063998,STR001,Store A - Sitabuldi,2037.6,1-3km,2037.6,2591.7,4397.2,2,"STR001,STR002",False
58c3e517-4dc0-47d7-be19-8e8dfdd3daa0,Shopper,21.139414,79.064015,STR001,Store A - Sitabuldi,2033.2,1-3km,2033.2,2587.5,4402.3,2,"STR001,STR002",True
58cff211-1b60-494a-8dff-aae27a44787e,Resident,21.159991,79.072992,STR001,Store A - Sitabuldi,1327.5,1-3km,1327.5,1529.7,6805.4,2,"STR001,STR002",False
592d483c-fa5d-4c73-a4d1-c74799378860,Resident,21.168702,79.105291,STR002,Store B - Civil Lines,2806.5,1-3km,3347.1,2806.5,8968.0,1,STR002,False
59702087-1a95-4786-8eed-8491810868ff,Commuter,21.139394,79.063989,STR001,Store A - Sitabuldi,2036.6,1-3km,2036.6,2590.9,4399.9,2,"STR001,STR002",False
59d803be-86cc-4bb5-a842-2e05764bb160,Resident,21.168702,79.105287,STR002,Store B - Civil Lines,2806.2,1-3km,3346.8,2806.2,8967.8,1,STR002,False
5a0a6626-3684-4a19-80cc-5a69102a7505,Shopper,21.168685,79.105315,STR002,Store B - Civil Lines,2807.1,1-3km,3347.8,2807.1,8967.7,1,STR002,True
5a1220f1-5058-4779-944a-0e8a68714faf,Resident,21.139384,79.063983,STR001,Store A - Sitabuldi,2037.9,1-3km,2037.9,2592.1,4398.7,2,"STR001,STR002",False
5a33a74b-efe4-4d05-baf7-a9ee5f74303c,Shopper,21.159996,79.072978,STR001,Store A - Sitabuldi,1328.8,1-3km,1328.8,1531.3,6805.7,2,"STR001,STR002",True
5aeda69e-25b8-4aa0-8854-e3489b0bb5ef,Resident,21.160014,79.073006,STR001,Store A - Sitabuldi,1328.9,1-3km,1328.9,1530.1,6808.2,2,"STR001,STR002",False
5bdb7f49-c271-4a95-beaa-355041311789,Resident,21.1394,79.063987,STR001,Store A - Sitabuldi,2036.4,1-3km,2036.4,2590.7,4400.6,2,"STR001,STR002",False
5c7d02e4-4066-441c-bf4d-9b6f186624c9,Resident,21.139402,79.064002,STR001,Store A - Sitabuldi,2035.1,1-3km,2035.1,2589.3,4400.9,2,"STR001,STR002",False
5c7eabdd-3fb3-44bd-8fbf-4c693e9b9418,Resident,21.159999,79.072996,STR001,Store A - Sitabuldi,1328.1,1-3km,1328.1,1530.0,6806.4,2,"STR001,STR002",False
5e0b9075-e39d-4225-a580-4d9ff247680d,Commuter,21.160021,79.072994,STR001,Store A - Sitabuldi,1330.2,1-3km,1330.2,1531.5,6808.7,2,"STR001,STR002",False
5e39e913-b55d-4772-99e4-902564f1af6a,Commuter,21.168703,79.105294,STR002,Store B - Civil Lines,2806.8,1-3km,3347.4,2806.8,8968.2,1,STR002,False
5eb09022-6c13-4467-8cee-8037ec105b24,Resident,21.13941,79.063976,STR001,Store A - Sitabuldi,2036.7,1-3km,2036.7,2591.1,4401.6,2,"STR001,STR002",False
5ec660fe-e3c8-45bc-a93b-5d22615104ff,Shopper,21.139401,79.064012,STR001,Store A - Sitabuldi,2034.3,1-3km,2034.3,2588.5,4400.9,2,"STR001,STR002",True
5f971154-774d-401f-865a-b8d3faceb989,Commuter,21.160015,79.072984,STR001,Store A - Sitabuldi,1330.3,1-3km,1330.3,1532.0,6807.9,2,"STR001,STR002",False
60a532c5-5d44-401e-9804-cbc865fcf8f1,Commuter,21.160008,79.073021,STR001,Store A - Sitabuldi,1327.5,1-3km,1327.5,1528.4,6807.9,2,"STR001,STR002",False
61e6884c-b679-42e1-8da1-e68b9ed32c80,Resident,21.168717,79.105292,STR002,Store B - Civil Lines,2807.7,1-3km,3348.2,2807.7,8969.5,1,STR002,False
624fe4b6-bbdf-46cf-973e-eea9466439db,Resident,21.139403,79.06402,STR001,Store A - Sitabuldi,2033.4,1-3km,2033.4,2587.6,4401.2,2,"STR001,STR002",False
627cd494-8316-46ec-8c1d-f63b5c2834de,Resident,21.16867,79.105297,STR002,Store B - Civil Lines,2804.6,1-3km,3345.3,2804.6,8965.3,1,STR002,False
62edb35d-ed6f-4762-88d7-c360a1caf1ff,Commuter,21.168689,79.105316,STR002,Store B - Civil Lines,2807.4,1-3km,3348.1,2807.4,8968.0,1,STR002,False
63400eee-2955-45a2-b49e-0124b4dabbee,Commuter,21.139407,79.063998,STR001,Store A - Sitabuldi,2035.0,1-3km,2035.0,2589.3,4401.5,2,"STR001,STR002",False
634075f9-e1dc-4f1a-b1d9-976b93541eba,Commuter,21.168708,79.105308,STR002,Store B - Civil Lines,2808.3,1-3km,3348.9,2808.3,8969.5,1,STR002,False
63600d06-1dc8-49ec-beec-00e8d2bd4cbb,Resident,21.168699,79.105306,STR002,Store B - Civil Lines,2807.5,1-3km,3348.1,2807.5,8968.5,1,STR002,False
63d63e0a-bac6-4142-aeb6-ba1874552e05,Commuter,21.160007,79.072992,STR001,Store A - Sitabuldi,1329.0,1-3km,1329.0,1530.8,6807.2,2,"STR001,STR002",False
648a0718-5cc2-43e6-b72c-73438f322621,Resident,21.160002,79.072998,STR001,Store A - Sitabuldi,1328.3,1-3km,1328.3,1530.0,6806.8,2,"STR001,STR002",False
64981655-0e58-417f-950e-011f4513eedb,Shopper,21.160001,79.072968,STR001,Store A - Sitabuldi,1329.8,1-3km,1329.8,1532.4,6806.0,2,"STR001,STR002",True
6530c0f2-d098-4a5c-b8ef-925196750f75,Resident,21.160012,79.073006,STR001,Store A - Sitabuldi,1328.7,1-3km,1328.7,1530.0,6808.0,2,"STR001,STR002",False
659e9929-ee04-4970-8b5d-e341b84008fd,Shopper,21.160014,79.072975,STR001,Store A - Sitabuldi,1330.6,1-3km,1330.6,1532.7,6807.6,2,"STR001,STR002",True
65e729c3-3b65-41c6-948c-7807e2099293,Resident,21.15997,79.073002,STR001,Store A - Sitabuldi,1325.0,1-3km,1325.0,1527.6,6803.3,2,"STR001,STR002",False
662da545-a7b0-4083-bce3-f2eb38f5c5ba,Shopper,21.139411,79.063992,STR001,Store A - Sitabuldi,2035.3,1-3km,2035.3,2589.6,4401.8,2,"STR001,STR002",True
668e2872-cba1-4cbc-97c4-97e33bba8508,Resident,21.168708,79.105284,STR002,Store B - Civil Lines,2806.4,1-3km,3346.9,2806.4,8968.2,1,STR002,False
678557cc-bd29-4013-b477-a624a13830fe,Commuter,21.160005,79.073,STR001,Store A - Sitabuldi,1328.4,1-3km,1328.4,1530.0,6807.1,2,"STR001,STR002",False
68bec2cf-3b5f-4524-a4f6-ef8dfcb58a53,Shopper,21.168692,79.105327,STR002,Store B - Civil Lines,2808.5,1-3km,3349.3,2808.5,8969.0,1,STR002,True
68d5be36-ac72-473b-8fab-4d6479fa5fdf,Commuter,21.168693,79.105307,STR002,Store B - Civil Lines,2807.0,1-3km,3347.7,2807.0,8967.9,1,STR002,False
69023244-4bf2-41a8-94a1-1386a307d11d,Resident,21.139401,79.064006,STR001,Store A - Sitabuldi,2034.8,1-3km,2034.8,2589.1,4400.8,2,"STR001,STR002",False
6936a434-7ae0-41c4-83f2-04353de89bf0,Resident,21.168705,79.105297,STR002,Store B - Civil Lines,2807.2,1-3km,3347.8,2807.2,8968.6,1,STR002,False
69495a88-7a29-4b5f-a910-663ce6a94268,Commuter,21.160003,79.072987,STR001,Store A - Sitabuldi,1329.0,1-3km,1329.0,1531.0,6806.7,2,"STR001,STR002",False
697d465d-1755-4555-91e2-5b7e9ffa8f94,Shopper,21.168676,79.105289,STR002,Store B - Civil Lines,2804.4,1-3km,3345.1,2804.4,8965.4,1,STR002,True
6a04595d-e4a3-4d2d-9e0e-bb8e714ae838,Resident,21.139423,79.063995,STR001,Store A - Sitabuldi,2034.3,1-3km,2034.3,2588.7,4403.2,2,"STR001,STR002",False
6a25323c-375c-452c-9cfe-a61892c22bf6,Resident,21.139413,79.063983,STR001,Store A - Sitabuldi,2036.0,1-3km,2036.0,2590.3,4401.9,2,"STR001,STR002",False
6a9447f4-c73a-4c0e-b65e-7a613d15b4b0,Resident,21.160004,79.072995,STR001,Store A - Sitabuldi,1328.5,1-3km,1328.5,1530.3,6806.9,2,"STR001,STR002",False
6ac87d85-37b7-42a3-89f5-1118edfff4aa,Resident,21.168697,79.105276,STR002,Store B - Civil Lines,2805.0,1-3km,3345.5,2805.0,8966.7,1,STR002,False
6aeeb96e-c390-467c-bb65-49769750982f,Resident,21.159995,79.072983,STR001,Store A - Sitabuldi,1328.4,1-3km,1328.4,1530.8,6805.7,2,"STR001,STR002",False
6b26fc4a-7574-4c3c-b2d7-5eea4e5e56b5,Resident,21.139429,79.064009,STR001,Store A - Sitabuldi,2032.7,1-3km,2032.7,2587.1,4404.0,2,"STR001,STR002",False
6bcd72ad-5ac4-4b4b-b71c-1992919ef399,Shopper,21.168701,79.105289,STR002,Store B - Civil Lines,2806.3,1-3km,3346.9,2806.3,8967.8,1,STR002,True
6bed8140-1ce4-4695-8dc6-ea9310014e4d,Resident,21.168698,79.105313,STR002,Store B - Civil Lines,2807.9,1-3km,3348.6,2807.9,8968.8,1,STR002,False
6c8723fe-f663-4283-a9a0-2c0a050282dd,Shopper,21.139391,79.064011,STR001,Store A - Sitabuldi,2035.0,1-3km,2035.0,2589.2,4399.8,2,"STR001,STR002",True
6da873bf-9a87-40fb-bb17-87d899c07080,Shopper,21.139393,79.064011,STR001,Store A - Sitabuldi,2034.8,1-3km,2034.8,2589.0,4400.0,2,"STR001,STR002",True
6dd7ad4f-044a-49c7-9878-b4398187aced,Shopper,21.160023,79.073014,STR001,Store A - Sitabuldi,1329.3,1-3km,1329.3,1530.0,6809.4,2,"STR001,STR002",True
6f6528f0-b9ca-4021-bcce-52e7453823d2,Resident,21.139418,79.063977,STR001,Store A - Sitabuldi,2036.2,1-3km,2036.2,2590.5,4402.5,2,"STR001,STR002",False
6fe709de-5fd4-4db7-97c1-53130220ef41,Resident,21.168678,79.105288,STR002,Store B - Civil Lines,2804.5,1-3km,3345.2,2804.5,8965.6,1,STR002,False
70246567-6ab8-4590-94f2-2fc18e6d441f,Commuter,21.139408,79.064013,STR001,Store A - Sitabuldi,2033.7,1-3km,2033.7,2588.0,4401.7,2,"STR001,STR002",False
714d8484-3868-4de6-babd-c803ca209e2b,Resident,21.159986,79.072984,STR001,Store A - Sitabuldi,1327.5,1-3km,1327.5,1530.1,6804.7,2,"STR001,STR002",False
71df005c-bcb6-4968-a964-5c007d473044,Resident,21.139398,79.063998,STR001,Store A - Sitabuldi,2035.6,1-3km,2035.6,2589.9,4400.5,2,"STR001,STR002",False
72e5756f-6888-42e3-93ad-8baf881efc1c,Resident,21.168707,79.105315,STR002,Store B - Civil Lines,2808.7,1-3km,3349.3,2808.7,8969.8,1,STR002,False
72ef8e18-1023-4324-96c2-f75d1bfb5400,Resident,21.168695,79.105286,STR002,Store B - Civil Lines,2805.5,1-3km,3346.1,2805.5,8967.0,1,STR002,False
73c43052-50bc-45de-8bf0-2d8523d41c71,Commuter,21.168694,79.105297,STR002,Store B - Civil Lines,2806.4,1-3km,3347.0,2806.4,8967.5,1,STR002,False
740e561c-2509-407e-b474-ed1111c8189e,Commuter,21.160009,79.072996,STR001,Store A - Sitabuldi,1329.0,1-3km,1329.0,1530.6,6807.5,2,"STR001,STR002",False
743370fa-1340-48ec-9a11-fa73ee61b8cf,Shopper,21.160017,79.073012,STR001,Store A - Sitabuldi,1328.8,1-3km,1328.8,1529.8,6808.6,2,"STR001,STR002",True
7497030a-c023-443f-9d1d-f346a200eebc,Commuter,21.16001,79.073019,STR001,Store A - Sitabuldi,1327.8,1-3km,1327.8,1528.8,6808.1,2,"STR001,STR002",False
752a2b15-8e1e-49b7-a09c-53ec52ac5f58,Resident,21.139385,79.064003,STR001,Store A - Sitabuldi,2036.0,1-3km,2036.0,2590.2,4399.1,2,"STR001,STR002",False
761bdabb-d777-4d68-876a-a5d4bd40142c,Shopper,21.139408,79.064009,STR001,Store A - Sitabuldi,2034.1,1-3km,2034.1,2588.4,4401.6,2,"STR001,STR002",True
764ae123-de13-4a80-b793-e53c4d74a3ac,Shopper,21.159993,79.073029,STR001,Store A - Sitabuldi,1325.6,1-3km,1325.6,1526.7,6806.4,2,"STR001,STR002",True
7688a1b8-fadf-471f-9119-81d17b3df534,Shopper,21.139413,79.063991,STR001,Store A - Sitabuldi,2035.3,1-3km,2035.3,2589.6,4402.0,2,"STR001,STR002",True
77c14377-074b-4345-bed1-ceff313b152b,Resident,21.139398,79.06402,STR001,Store A - Sitabuldi,2033.8,1-3km,2033.8,2588.0,4400.6,2,"STR001,STR002",False
77db06e6-4f93-4771-955d-ebbd1c438587,Resident,21.168695,79.105274,STR002,Store B - Civil Lines,2804.6,1-3km,3345.1,2804.6,8966.3,1,STR002,False
78588a18-fcdb-43d3-86c9-4e58d3e08be1,Shopper,21.139429,79.064008,STR001,Store A - Sitabuldi,2032.8,1-3km,2032.8,2587.1,4404.0,2,"STR001,STR002",True
78935702-1847-4cce-bd80-fcbf26cbaf7f,Resident,21.139393,79.063999,STR001,Store A - Sitabuldi,2035.9,1-3km,2035.9,2590.1,4399.9,2,"STR001,STR002",False
78c863f0-7621-4650-8d87-cc8200e4c6f9,Shopper,21.16869,79.10529,STR002,Store B - Civil Lines,2805.5,1-3km,3346.1,2805.5,8966.7,1,STR002,True
7925677e-6b5e-42cb-9f61-0b3150b074cb,Resident,21.168716,79.105303,STR002,Store B - Civil Lines,2808.5,1-3km,3349.0,2808.5,8970.0,1,STR002,False
79d799a8-2bf2-4d09-8810-90f96912865e,Resident,21.1394,79.063995,STR001,Store A - Sitabuldi,2035.8,1-3km,2035.8,2590.0,4400.6,2,"STR001,STR002",False
7a0e21b0-61de-4a47-a0f8-3660d3725440,Commuter,21.1687,79.10529,STR002,Store B - Civil Lines,2806.3,1-3km,3346.9,2806.3,8967.7,1,STR002,False
7a0fc1d0-2814-420e-89e8-6f19c9c425ea,Resident,21.139394,79.063987,STR001,Store A - Sitabuldi,2036.8,1-3km,2036.8,2591.1,4399.9,2,"STR001,STR002",False
7a58d5fc-82a8-4e1c-b635-23fd3353b49f,Commuter,21.160003,79.073002,STR001,Store A - Sitabuldi,1328.1,1-3km,1328.1,1529.7,6807.0,2,"STR001,STR002",False
7a8b081b-d968-4259-bbf1-bcccf68358d3,Resident,21.139381,79.063983,STR001,Store A - Sitabuldi,2038.0,1-3km,2038.0,2592.3,4398.4,2,"STR001,STR002",False
7ae1c1ac-298c-46f7-b54b-8ef807a792e7,Shopper,21.168709,79.105293,STR002,Store B - Civil Lines,2807.2,1-3km,3347.7,2807.2,8968.8,1,STR002,True
7b45ce5a-8283-4c79-b218-89d85c728933,Shopper,21.160012,79.072976,STR001,Store A - Sitabuldi,1330.4,1-3km,1330.4,1532.4,6807.4,2,"STR001,STR002",True
7bd83277-a3f4-435b-918f-f341e3a9c1e5,Commuter,21.168712,79.105316,STR002,Store B - Civil Lines,2809.1,1-3km,3349.7,2809.1,8970.2,1,STR002,False
7c2138d1-f086-403f-bac4-7ded4aa73256,Commuter,21.168718,79.10531,STR002,Store B - Civil Lines,2809.1,1-3km,3349.7,2809.1,8970.5,1,STR002,False
7d63c227-43fb-4beb-bc18-ae886fa2b7ee,Shopper,21.159994,79.072971,STR001,Store A - Sitabuldi,1329.0,1-3km,1329.0,1531.7,6805.3,2,"STR001,STR002",True
7d7c2112-597b-4cda-a535-6f8732c3fd19,Commuter,21.139406,79.063971,STR001,Store A - Sitabuldi,2037.4,1-3km,2037.4,2591.7,4401.1,2,"STR001,STR002",False
7d867302-420c-4229-a618-504a94ac164e,Commuter,21.139406,79.063995,STR001,Store A - Sitabuldi,2035.4,1-3km,2035.4,2589.7,4401.3,2,"STR001,STR002",False
7e67402e-5317-4bf2-bbcf-2971ed70518e,Resident,21.160001,79.07301,STR001,Store A - Sitabuldi,1327.5,1-3km,1327.5,1528.9,6806.9,2,"STR001,STR002",False
7f13753c-6626-45d8-9128-d2cc63c66663,Resident,21.139421,79.064008,STR001,Store A - Sitabuldi,2033.3,1-3km,2033.3,2587.7,4403.1,2,"STR001,STR002",False
7f7c5cd5-6359-4234-8891-ef36441fdb88,Resident,21.168695,79.105312,STR002,Store B - Civil Lines,2807.6,1-3km,3348.3,2807.6,8968.5,1,STR002,False
7fb5c132-1218-4cdf-b3a0-c063de7e7f45,Commuter,21.139399,79.064032,STR001,Store A - Sitabuldi,2032.7,1-3km,2032.7,2586.9,4400.9,2,"STR001,STR002",False
804017ac-cc25-45f3-b104-e5d1bbdfb9ee,Shopper,21.168703,79.105306,STR002,Store B - Civil Lines,2807.7,1-3km,3348.3,2807.7,8968.9,1,STR002,True
804a4eb8-1057-495e-960f-2d70a626d7af,Commuter,21.139377,79.063998,STR001,Store A - Sitabuldi,2037.0,1-3km,2037.0,2591.1,4398.2,2,"STR001,STR002",False
806b2300-8fab-45dc-b1a2-055f9c8498dc,Resident,21.159986,79.072992,STR001,Store A - Sitabuldi,1327.0,1-3km,1327.0,1529.4,6804.9,2,"STR001,STR002",False
8104613a-c919-4ec4-9a24-972edab7f57c,Resident,21.139382,79.064024,STR001,Store A - Sitabuldi,2034.5,1-3km,2034.5,2588.6,4398.9,2,"STR001,STR002",False
82b280fb-0038-4c7b-9627-7fd68f34e998,Shopper,21.159995,79.072996,STR001,Store A - Sitabuldi,1327.7,1-3km,1327.7,1529.7,6806.0,2,"STR001,STR002",True
8332dd8d-292f-4e10-955c-f20cde0f1b4c,Commuter,21.160011,79.073017,STR001,Store A - Sitabuldi,1328.0,1-3km,1328.0,1529.0,6808.1,2,"STR001,STR002",False
837aee8a-ff83-4e7a-9a61-4283e9182ca9,Shopper,21.139383,79.064007,STR001,Store A - Sitabuldi,2035.8,1-3km,2035.8,2590.0,4398.9,2,"STR001,STR002",True
840db94d-a04d-4cdd-8a75-40e85a208602,Shopper,21.159963,79.072983,STR001,Store A - Sitabuldi,1325.4,1-3km,1325.4,1528.7,6802.2,2,"STR001,STR002",True
8454ea58-2eb4-44e9-8227-85b57422154c,Commuter,21.139385,79.06397,STR001,Store A - Sitabuldi,2038.8,1-3km,2038.8,2593.1,4398.7,2,"STR001,STR002",False
84623c64-288b-4f03-bacc-1fd20a5e9316,Commuter,21.168695,79.105291,STR002,Store B - Civil Lines,2806.0,1-3km,3346.6,2806.0,8967.3,1,STR002,False
847029d1-12da-4143-a2fa-0552f7868ea5,Resident,21.16871,79.105293,STR002,Store B - Civil Lines,2807.2,1-3km,3347.8,2807.2,8968.8,1,STR002,False
8471803d-a906-4d15-9121-98b3fb1d1190,Shopper,21.159975,79.07301,STR001,Store A - Sitabuldi,1325.1,1-3km,1325.1,1527.2,6804.1,2,"STR001,STR002",True
84bc9000-7919-4ba7-8055-b9373b31534a,Commuter,21.168687,79.105325,STR002,Store B - Civil Lines,2808.1,1-3km,3348.8,2808.1,8968.4,1,STR002,False
8596e477-36a3-422e-a7ee-d95f0b1a09c4,Commuter,21.139402,79.064008,STR001,Store A - Sitabuldi,2034.5,1-3km,2034.5,2588.8,4401.0,2,"STR001,STR002",False
85ad029f-80f3-40f0-bfec-b335ee1501b0,Commuter,21.139416,79.063997,STR001,Store A - Sitabuldi,2034.6,1-3km,2034.6,2588.9,4402.4,2,"STR001,STR002",False
85da3350-2bc9-4306-8ab7-ee3d0245ffb8,Resident,21.139382,79.064009,STR001,Store A - Sitabuldi,2035.8,1-3km,2035.8,2590.0,4398.7,2,"STR001,STR002",False
87ff4f29-1346-4a9a-aab5-90b15511e907,Commuter,21.159976,79.073,STR001,Store A - Sitabuldi,1325.7,1-3km,1325.7,1528.1,6804.0,2,"STR001,STR002",False
8847378b-4278-4d89-b00f-34972e9bfd9c,Resident,21.168689,79.105323,STR002,Store B - Civil Lines,2808.0,1-3km,3348.8,2808.0,8968.5,1,STR002,False
889f157b-fdc5-4a6e-9a76-3d0333986280,Resident,21.168679,79.105288,STR002,Store B - Civil Lines,2804.6,1-3km,3345.2,2804.6,8965.7,1,STR002,False
892f38d9-1df7-4ba1-a0e1-6204f6896b7a,Commuter,21.139383,79.063988,STR001,Store A - Sitabuldi,2037.5,1-3km,2037.5,2591.7,4398.7,2,"STR001,STR002",False
8965291a-b2eb-4b5e-822d-492a886e1f6c,Resident,21.139408,79.064006,STR001,Store A - Sitabuldi,2034.3,1-3km,2034.3,2588.6,4401.7,2,"STR001,STR002",False
89a4c97b-e63e-4979-9d3a-063b0429a44d,Resident,21.160011,79.073005,STR001,Store A - Sitabuldi,1328.6,1-3km,1328.6,1529.9,6807.9,2,"STR001,STR002",False
8a46eaa0-b7e1-4b5a-b38c-cbd3aab48bf8,Commuter,21.139401,79.06403,STR001,Store A - Sitabuldi,2032.7,1-3km,2032.7,2586.9,4401.1,2,"STR001,STR002",False
8a4a6c46-c33f-47f2-9229-6cfe79c341b1,Shopper,21.160004,79.073009,STR001,Store A - Sitabuldi,1327.7,1-3km,1327.7,1529.1,6807.2,2,"STR001,STR002",True
8be9272a-cbe7-4445-b114-6d29954ce53e,Commuter,21.168696,79.10531,STR002,Store B - Civil Lines,2807.6,1-3km,3348.3,2807.6,8968.5,1,STR002,False
8ce405a3-fcd3-4ff0-b50a-0075374f113e,Commuter,21.159998,79.072985,STR001,Store A - Sitabuldi,1328.6,1-3km,1328.6,1530.8,6806.0,2,"STR001,STR002",False
8d820fa1-8165-4a33-9443-b07b26914172,Commuter,21.13939,79.063981,STR001,Store A - Sitabuldi,2037.6,1-3km,2037.6,2591.9,4399.4,2,"STR001,STR002",False
8e78f295-d3d6-45a3-8586-3d313e32e86d,Commuter,21.160021,79.072989,STR001,Store A - Sitabuldi,1330.5,1-3km,1330.5,1531.9,6808.6,2,"STR001,STR002",False
8eeaf98f-c64a-4606-847b-5585ddf2131c,Commuter,21.13939,79.063986,STR001,Store A - Sitabuldi,2037.1,1-3km,2037.1,2591.4,4399.5,2,"STR001,STR002",False
8fad8ff6-863f-4800-941d-738a6dbc8a30,Shopper,21.159989,79.073005,STR001,Store A - Sitabuldi,1326.6,1-3km,1326.6,1528.5,6805.4,2,"STR001,STR002",True
8ff0702b-576c-4a0b-af1d-1e2569cde09c,Commuter,21.159994,79.072997,STR001,Store A - Sitabuldi,1327.5,1-3km,1327.5,1529.5,6805.8,2,"STR001,STR002",False
90463f17-680d-4da9-8bc6-def8aec39033,Commuter,21.168707,79.105329,STR002,Store B - Civil Lines,2809.9,1-3km,3350.5,2809.9,8970.6,1,STR002,False
9086d354-dca0-4949-a22d-66990c919737,Shopper,21.139418,79.064008,STR001,Store A - Sitabuldi,2033.5,1-3km,2033.5,2587.8,4402.7,2,"STR001,STR002",True
911035a6-4d02-4050-9655-93c99a86b3ce,Commuter,21.159981,79.072998,STR001,Store A - Sitabuldi,1326.3,1-3km,1326.3,1528.6,6804.5,2,"STR001,STR002",False
9182358c-522d-45c7-99c8-8a48525ee370,Commuter,21.160008,79.072995,STR001,Store A - Sitabuldi,1328.9,1-3km,1328.9,1530.6,6807.3,2,"STR001,STR002",False
91cd1dda-da12-42b6-a3ad-f05da3df77c8,Resident,21.139396,79.064019,STR001,Store A - Sitabuldi,2034.0,1-3km,2034.0,2588.2,4400.4,2,"STR001,STR002",False
922921ad-367f-4c5b-8261-b4f5522c4f3d,Resident,21.168681,79.105258,STR002,Store B - Civil Lines,2802.4,1-3km,3342.9,2802.4,8964.2,1,STR002,False
925e9c5b-fc29-4700-9315-de3decff1b88,Commuter,21.160002,79.072993,STR001,Store A - Sitabuldi,1328.6,1-3km,1328.6,1530.4,6806.7,2,"STR001,STR002",False
930ffc6c-0dee-4f5c-938e-cebc87e1b795,Resident,21.159993,79.072992,STR001,Store A - Sitabuldi,1327.7,1-3km,1327.7,1529.9,6805.7,2,"STR001,STR002",False
933513c7-3c5e-4839-9f89-acc1b2ab3774,Commuter,21.159991,79.073035,STR001,Store A - Sitabuldi,1325.1,1-3km,1325.1,1526.1,6806.3,2,"STR001,STR002",False
934bde77-46b0-4ca8-827b-041c04298254,Resident,21.168701,79.105308,STR002,Store B - Civil Lines,2807.8,1-3km,3348.4,2807.8,8968.8,1,STR002,False
937a9645-442f-48a7-a1ba-e53f78902662,Resident,21.139404,79.063999,STR001,Store A - Sitabuldi,2035.1,1-3km,2035.1,2589.4,4401.1,2,"STR001,STR002",False
93a78f96-18cc-4120-b6b2-ec14c03b5688,Resident,21.13941,79.064019,STR001,Store A - Sitabuldi,2033.1,1-3km,2033.1,2587.3,4401.9,2,"STR001,STR002",False
93edd9b8-3b84-434d-80bf-9b06a5773264,Resident,21.168722,79.105306,STR002,Store B - Civil Lines,2809.2,1-3km,3349.7,2809.2,8970.7,1,STR002,False
946f9b84-b99a-4d97-b22c-57108969920d,Shopper,21.139375,79.064014,STR001,Store A - Sitabuldi,2035.8,1-3km,2035.8,2589.9,4398.1,2,"STR001,STR002",True
96455a75-5d98-47e1-bfe3-d828f049d134,Resident,21.139395,79.063988,STR001,Store A - Sitabuldi,2036.7,1-3km,2036.7,2591.0,4400.0,2,"STR001,STR002",False
964a17b1-9088-43a7-bcdb-dd0bac502827,Shopper,21.168695,79.105299,STR002,Store B - Civil Lines,2806.7,1-3km,3347.3,2806.7,8967.8,1,STR002,True
96e07c35-36b6-49d0-9064-82f8f810a756,Resident,21.16869,79.105267,STR002,Store B - Civil Lines,2803.7,1-3km,3344.3,2803.7,8965.5,1,STR002,False
96fd084a-d867-48d3-9b06-7549a6ca46ed,Shopper,21.159993,79.072978,STR001,Store A - Sitabuldi,1328.5,1-3km,1328.5,1531.0,6805.4,2,"STR001,STR002",True
9853b26e-adcd-4b40-8c46-6c2001c0fea9,Shopper,21.139402,79.06401,STR001,Store A - Sitabuldi,2034.3,1-3km,2034.3,2588.5,4401.1,2,"STR001,STR002",True
98cad8b5-3aa6-4d6e-b505-18a66205ca93,Commuter,21.160016,79.073007,STR001,Store A - Sitabuldi,1329.0,1-3km,1329.0,1530.0,6808.4,2,"STR001,STR002",False
9948a025-c39d-470d-9c91-0feaefb8d4aa,Commuter,21.168699,79.105269,STR002,Store B - Civil Lines,2804.5,1-3km,3345.0,2804.5,8966.5,1,STR002,False
99c5cf5c-376a-4580-a013-0a0647d36d43,Commuter,21.159999,79.072981,STR001,Store A - Sitabuldi,1328.9,1-3km,1328.9,1531.2,6806.1,2,"STR001,STR002",False
9a7d0833-4cbb-4a8d-8564-c2c94d7b2fb8,Commuter,21.139374,79.063997,STR001,Store A - Sitabuldi,2037.3,1-3km,2037.3,2591.5,4397.7,2,"STR001,STR002",False
9b096f14-e1d4-43b7-9ee5-e5f8c5d35038,Shopper,21.168729,79.105293,STR002,Store B - Civil Lines,2808.7,1-3km,3349.1,2808.7,8970.7,1,STR002,True
9b1bf5c6-9ed9-4667-8dd4-fda94ab0ecbd,Resident,21.168695,79.105283,STR002,Store B - Civil Lines,2805.4,1-3km,3345.9,2805.4,8966.9,1,STR002,False
9b2ac0dc-8d9c-4b00-b6fd-dca6dfb7c64f,Resident,21.139415,79.06399,STR001,Store A - Sitabuldi,2035.2,1-3km,2035.2,2589.6,4402.3,2,"STR001,STR002",False
9bba9f70-1be1-4bc3-a44e-385a619fdfdd,Resident,21.139427,79.063996,STR001,Store A - Sitabuldi,2034.0,1-3km,2034.0,2588.3,4403.6,2,"STR001,STR002",False
9c7612da-411d-4457-8fd7-119fd7da5e35,Commuter,21.160016,79.072995,STR001,Store A - Sitabuldi,1329.7,1-3km,1329.7,1531.1,6808.3,2,"STR001,STR002",False
9cb45755-51ec-4252-978a-ca7ccc86bbd1,Resident,21.168714,79.105309,STR002,Store B - Civil Lines,2808.8,1-3km,3349.3,2808.8,8970.1,1,STR002,False
9d40dc53-9245-4baf-9b48-8a97eaf47954,Commuter,21.139397,79.064015,STR001,Store A - Sitabuldi,2034.3,1-3km,2034.3,2588.5,4400.5,2,"STR001,STR002",False
9d8c643c-4541-47a6-a4aa-1ee4f89e7303,Shopper,21.139386,79.063997,STR001,Store A - Sitabuldi,2036.5,1-3km,2036.5,2590.7,4399.1,2,"STR001,STR002",True
9e30569a-da30-4bf0-b2d8-edc31147d42f,Resident,21.1394,79.064011,STR001,Store A - Sitabuldi,2034.5,1-3km,2034.5,2588.7,4400.8,2,"STR001,STR002",False
9eafdfec-3505-47d5-84ff-0ea1d7a8bcc5,Resident,21.160004,79.072983,STR001,Store A - Sitabuldi,1329.3,1-3km,1329.3,1531.4,6806.7,2,"STR001,STR002",False
9f0fa46d-8a23-44b5-af51-859b7941475e,Commuter,21.168719,79.105304,STR002,Store B - Civil Lines,2808.8,1-3km,3349.3,2808.8,8970.3,1,STR002,False
9f30673d-038d-4079-8142-50f3083cdf85,Commuter,21.16871,79.105311,STR002,Store B - Civil Lines,2808.7,1-3km,3349.3,2808.7,8969.8,1,STR002,False
9fd845ab-ae23-4f6a-b202-d6e44d098b5b,Shopper,21.139395,79.064019,STR001,Store A - Sitabuldi,2034.0,1-3km,2034.0,2588.2,4400.3,2,"STR001,STR002",True
a16ff06b-2257-423f-b0ac-1aafa905f946,Resident,21.168687,79.10532,STR002,Store B - Civil Lines,2807.7,1-3km,3348.4,2807.7,8968.2,1,STR002,False
a22c205c-e064-4a75-98c8-a6f902aa7e28,Commuter,21.139377,79.063971,STR001,Store A - Sitabuldi,2039.3,1-3km,2039.3,2593.6,4397.8,2,"STR001,STR002",False
a34d448a-9b4c-49f1-8ff8-158d2d432678,Shopper,21.1687,79.105315,STR002,Store B - Civil Lines,2808.3,1-3km,3348.9,2808.3,8969.1,1,STR002,True
a3d73af9-ac9e-47e0-b5a4-25d1d4b07a7a,Resident,21.168694,79.105295,STR002,Store B - Civil Lines,2806.3,1-3km,3346.9,2806.3,8967.5,1,STR002,False
a40ce4a0-c9a4-433b-810d-5bde973da758,Commuter,21.139389,79.063986,STR001,Store A - Sitabuldi,2037.2,1-3km,2037.2,2591.5,4399.3,2,"STR001,STR002",False
a4941f99-16c0-4869-9c28-da7fadc1787a,Shopper,21.159998,79.07298,STR001,Store A - Sitabuldi,1328.9,1-3km,1328.9,1531.2,6806.0,2,"STR001,STR002",True
a4aa25bb-3926-46dc-837f-aebaa26ea32d,Resident,21.13942,79.064026,STR001,Store A - Sitabuldi,2031.8,1-3km,2031.8,2586.1,4403.2,2,"STR001,STR002",False
a4d285ba-d53e-4d4a-8875-ec9d9a861a8f,Commuter,21.139381,79.063978,STR001,Store A - Sitabuldi,2038.4,1-3km,2038.4,2592.6,4398.3,2,"STR001,STR002",False
a523451b-27fb-461b-9ee9-a18f7a55c978,Shopper,21.168692,79.105298,STR002,Store B - Civil Lines,2806.3,1-3km,3346.9,2806.3,8967.4,1,STR002,True
a55dddc5-7a05-42c8-9f40-b052253208e2,Shopper,21.168713,79.105343,STR002,Store B - Civil Lines,2811.3,1-3km,3352.0,2811.3,8971.8,1,STR002,True
a5b95551-f9b4-4381-aba6-77be724ab5cc,Shopper,21.160008,79.073016,STR001,Store A - Sitabuldi,1327.8,1-3km,1327.8,1528.8,6807.8,2,"STR001,STR002",True
a5deb7b4-09b5-45d5-b82a-02934f172e78,Commuter,21.159998,79.072972,STR001,Store A - Sitabuldi,1329.3,1-3km,1329.3,1531.9,6805.7,2,"STR001,STR002",False
a6a4a4c0-0d92-44ac-be6a-ec30c07fca5b,Commuter,21.168707,79.105294,STR002,Store B - Civil Lines,2807.1,1-3km,3347.6,2807.1,8968.6,1,STR002,False
a73930a8-32d3-4780-9848-7ae6ff44ac90,Resident,21.139406,79.064036,STR001,Store A - Sitabuldi,2031.9,1-3km,2031.9,2586.1,4401.7,2,"STR001,STR002",False
a8aa7c44-d258-4441-b814-8b61ebb614ed,Resident,21.139389,79.064022,STR001,Store A - Sitabuldi,2034.2,1-3km,2034.2,2588.4,4399.6,2,"STR001,STR002",False
a8b71e50-abbd-4943-b2e1-207f2b1e9d90,Resident,21.139405,79.064003,STR001,Store A - Sitabuldi,2034.8,1-3km,2034.8,2589.1,4401.2,2,"STR001,STR002",False
a921a598-991c-4950-b1cd-cd5515a2d7d2,Commuter,21.139398,79.063995,STR001,Store A - Sitabuldi,2035.9,1-3km,2035.9,2590.2,4400.4,2,"STR001,STR002",False
a953f05d-871a-4b20-9b88-096dbf893f2d,Shopper,21.159987,79.072998,STR001,Store A - Sitabuldi,1326.8,1-3km,1326.8,1529.0,6805.1,2,"STR001,STR002",True
a9ad3d0c-6cf3-41de-be28-e615768aec84,Shopper,21.139406,79.063998,STR001,Store A - Sitabuldi,2035.1,1-3km,2035.1,2589.4,4401.3,2,"STR001,STR002",True
aa29c24a-43be-4944-9a8f-8d318704e9d0,Commuter,21.168688,79.105277,STR002,Store B - Civil Lines,2804.4,1-3km,3345.0,2804.4,8965.9,1,STR002,False
ab26f94d-6380-459f-ab0e-802ce61d2324,Commuter,21.168672,79.105296,STR002,Store B - Civil Lines,2804.7,1-3km,3345.4,2804.7,8965.4,1,STR002,False
ab3403b4-c84a-4c11-a631-59ad371ec851,Commuter,21.139406,79.064002,STR001,Store A - Sitabuldi,2034.8,1-3km,2034.8,2589.1,4401.3,2,"STR001,STR002",False
ac0a3b53-e7cb-4775-bae8-6358a085e1ed,Commuter,21.16,79.073001,STR001,Store A - Sitabuldi,1327.9,1-3km,1327.9,1529.6,6806.6,2,"STR001,STR002",False
ac4d2565-1ee3-4ce0-a5cd-6acd922ac2d8,Resident,21.139412,79.064003,STR001,Store A - Sitabuldi,2034.4,1-3km,2034.4,2588.7,4402.0,2,"STR001,STR002",False
acb6f6f6-411e-43d1-9867-c6a89356c3f3,Resident,21.139412,79.063981,STR001,Store A - Sitabuldi,2036.2,1-3km,2036.2,2590.6,4401.8,2,"STR001,STR002",False
ad159710-c504-45ee-ad79-4525d1a1afd0,Resident,21.1687,79.105311,STR002,Store B - Civil Lines,2807.9,1-3km,3348.6,2807.9,8968.9,1,STR002,False
af5932f1-8e05-43e4-b5ac-3cc040a53129,Resident,21.168731,79.105279,STR002,Store B - Civil Lines,2807.7,1-3km,3348.1,2807.7,8970.0,1,STR002,False
b01bfa61-c211-4695-8ed1-c7fb94007818,Commuter,21.168711,79.105294,STR002,Store B - Civil Lines,2807.4,1-3km,3348.0,2807.4,8969.0,1,STR002,False
b0a91b19-305e-40ca-a296-4c5f43a720b7,Resident,21.168683,79.105305,STR002,Store B - Civil Lines,2806.2,1-3km,3346.9,2806.2,8966.9,1,STR002,False
b0fff67e-ffe4-423e-8a36-01f364396551,Resident,21.160016,79.072983,STR001,Store A - Sitabuldi,1330.4,1-3km,1330.4,1532.2,6808.0,2,"STR001,STR002",False
b182ab27-9630-462f-857e-aa488273f201,Commuter,21.139396,79.063978,STR001,Store A - Sitabuldi,2037.5,1-3km,2037.5,2591.8,4400.0,2,"STR001,STR002",False
b1cced3f-a46e-463d-9f71-4e7148e68c12,Shopper,21.160004,79.072987,STR001,Store A - Sitabuldi,1329.0,1-3km,1329.0,1531.0,6806.7,2,"STR001,STR002",True
b20e9ed8-33ba-4964-9ee1-43d5385b8689,Resident,21.168692,79.105334,STR002,Store B - Civil Lines,2809.1,1-3km,3349.9,2809.1,8969.4,1,STR002,False
b2cdff22-6f8c-41fb-abe7-125e77dd8621,Commuter,21.159995,79.073001,STR001,Store A - Sitabuldi,1327.4,1-3km,1327.4,1529.3,6806.1,2,"STR001,STR002",False
b3302c37-6b86-4895-8a8a-84cb95e076f3,Resident,21.168709,79.105307,STR002,Store B - Civil Lines,2808.3,1-3km,3348.8,2808.3,8969.5,1,STR002,False
b35adcb2-4339-4ebd-9ae6-d7cb69c09079,Shopper,21.139364,79.064,STR001,Store A - Sitabuldi,2037.7,1-3km,2037.7,2591.8,4396.7,2,"STR001,STR002",True
b36e4685-2ab0-4c2b-98db-29c30db4a685,Commuter,21.139383,79.064006,STR001,Store A - Sitabuldi,2035.9,1-3km,2035.9,2590.1,4398.9,2,"STR001,STR002",False
b516a58b-c82f-4037-9f97-352a2e7fa0f7,Commuter,21.159987,79.072989,STR001,Store A - Sitabuldi,1327.4,1-3km,1327.4,1529.8,6805.0,2,"STR001,STR002",False
b53192ae-ec59-4d3d-a142-9db501880239,Shopper,21.168721,79.105297,STR002,Store B - Civil Lines,2808.4,1-3km,3348.9,2808.4,8970.2,1,STR002,True
b5d724ed-1931-4c69-8b0d-806793522d57,Commuter,21.168696,79.10531,STR002,Store B - Civil Lines,2807.5,1-3km,3348.1,2807.5,8968.4,1,STR002,False
b5dd6be0-94ff-4643-b462-267f21833902,Commuter,21.160018,79.073002,STR001,Store A - Sitabuldi,1329.4,1-3km,1329.4,1530.6,6808.6,2,"STR001,STR002",False
b5fd645e-4e28-4745-9231-914e3d2302d3,Resident,21.159992,79.072989,STR001,Store A - Sitabuldi,1327.8,1-3km,1327.8,1530.0,6805.5,2,"STR001,STR002",False
b765a898-ceeb-4d6b-b872-55e0bbc6b8ba,Resident,21.139401,79.064004,STR001,Store A - Sitabuldi,2035.0,1-3km,2035.0,2589.2,4400.8,2,"STR001,STR002",False
b774f3f2-eee5-49e6-9ae6-2ce742618b9c,Resident,21.159996,79.07302,STR001,Store A - Sitabuldi,1326.4,1-3km,1326.4,1527.7,6806.6,2,"STR001,STR002",False
b7edf89a-1310-42be-845e-5cddfe6f2645,Shopper,21.168674,79.105289,STR002,Store B - Civil Lines,2804.3,1-3km,3345.0,2804.3,8965.2,1,STR002,True
b86664c3-8685-48e1-a7fc-66abfae2e2c2,Resident,21.1394,79.063998,STR001,Store A - Sitabuldi,2035.5,1-3km,2035.5,2589.8,4400.7,2,"STR001,STR002",False
b8a3e9b7-2f6f-4d9c-ab8e-7ba40ace6340,Resident,21.16,79.073,STR001,Store A - Sitabuldi,1327.9,1-3km,1327.9,1529.6,6806.6,2,"STR001,STR002",False
b8c0c78d-e4ff-45ea-adcd-875a3bf4cac2,Resident,21.160007,79.072989,STR001,Store A - Sitabuldi,1329.2,1-3km,1329.2,1531.0,6807.1,2,"STR001,STR002",False
b8c23b90-9f7f-4c87-9f61-47775ac9bbb0,Commuter,21.168689,79.105299,STR002,Store B - Civil Lines,2806.1,1-3km,3346.8,2806.1,8967.1,1,STR002,False
b95d748d-261d-4baf-bfd0-adf80edf52e2,Shopper,21.168686,79.105289,STR002,Store B - Civil Lines,2805.2,1-3km,3345.8,2805.2,8966.4,1,STR002,True
b99f28c9-33fe-4aa0-afab-fe006ded8678,Shopper,21.159991,79.073023,STR001,Store A - Sitabuldi,1325.9,1-3km,1325.9,1527.2,6806.1,2,"STR001,STR002",True
b9cac832-9eb6-45fd-957f-3a0ba1ca4d04,Resident,21.159993,79.073,STR001,Store A - Sitabuldi,1327.3,1-3km,1327.3,1529.2,6805.8,2,"STR001,STR002",False
bc2c91fd-cd17-4c41-b6b5-5b02cb2791a7,Commuter,21.139404,79.063996,STR001,Store A - Sitabuldi,2035.5,1-3km,2035.5,2589.8,4401.0,2,"STR001,STR002",False
bddb2ef2-f563-482c-968f-b7808ee458e1,Shopper,21.160019,79.073009,STR001,Store A - Sitabuldi,1329.2,1-3km,1329.2,1530.2,6808.8,2,"STR001,STR002",True
bde4ba36-3018-49b3-91f4-705567a6d7fe,Shopper,21.139374,79.063977,STR001,Store A - Sitabuldi,2039.0,1-3km,2039.0,2593.2,4397.6,2,"STR001,STR002",True
be21795c-e8b1-43a0-848f-131700600c7c,Shopper,21.168688,79.105301,STR002,Store B - Civil Lines,2806.2,1-3km,3346.9,2806.2,8967.2,1,STR002,True
be2fd8ca-1b3f-4ed7-8864-c88f103a074b,Commuter,21.159978,79.073001,STR001,Store A - Sitabuldi,1325.8,1-3km,1325.8,1528.2,6804.2,2,"STR001,STR002",False
be84b54c-3250-4555-94d0-781571b92e36,Shopper,21.160007,79.072982,STR001,Store A - Sitabuldi,1329.7,1-3km,1329.7,1531.7,6807.0,2,"STR001,STR002",True
beaf30a9-aa8d-4b9e-b5ae-036a46faa1db,Resident,21.168693,79.105291,STR002,Store B - Civil Lines,2805.8,1-3km,3346.4,2805.8,8967.1,1,STR002,False
bec980fe-c26b-42a7-b2d1-6acdb6f710fb,Commuter,21.139413,79.063957,STR001,Store A - Sitabuldi,2038.1,1-3km,2038.1,2592.6,4401.7,2,"STR001,STR002",False
becd3677-2da2-4b04-8c16-b0ee2d4fd27f,Commuter,21.139398,79.063997,STR001,Store A - Sitabuldi,2035.7,1-3km,2035.7,2590.0,4400.4,2,"STR001,STR002",False
bed17a3d-93cd-45c3-851b-e7e5206b0660,Resident,21.139398,79.064001,STR001,Store A - Sitabuldi,2035.4,1-3km,2035.4,2589.6,4400.5,2,"STR001,STR002",False
bfef9bf0-9ac3-4869-b90b-f42dedb53bc2,Resident,21.159973,79.073025,STR001,Store A - Sitabuldi,1324.0,1-3km,1324.0,1525.8,6804.1,2,"STR001,STR002",False
c0ac5a72-38a0-4fc2-8772-88026e65b8ec,Commuter,21.139403,79.064001,STR001,Store A - Sitabuldi,2035.1,1-3km,2035.1,2589.3,4401.0,2,"STR001,STR002",False
c0e0cd4b-30a1-4588-9f64-f6f604ca79a4,Shopper,21.160009,79.073005,STR001,Store A - Sitabuldi,1328.5,1-3km,1328.5,1529.8,6807.7,2,"STR001,STR002",True
c0f47a6f-3dd3-47a5-af4e-596afb0482c7,Resident,21.139428,79.063979,STR001,Store A - Sitabuldi,2035.3,1-3km,2035.3,2589.8,4403.6,2,"STR001,STR002",False
c13679fb-2db6-4e95-a64d-be6907bc3eb3,Shopper,21.139389,79.064009,STR001,Store A - Sitabuldi,2035.3,1-3km,2035.3,2589.5,4399.6,2,"STR001,STR002",True
c30b1be2-c027-4a06-8c46-5f1bbcaf3bdc,Shopper,21.139413,79.06404,STR001,Store A - Sitabuldi,2031.1,1-3km,2031.1,2585.4,4402.6,2,"STR001,STR002",True
c40b79af-f136-4b06-8abe-d835a0e2f5aa,Commuter,21.160015,79.072986,STR001,Store A - Sitabuldi,1330.1,1-3km,1330.1,1531.8,6808.0,2,"STR001,STR002",False
c410393b-8391-4e76-abe6-d758c8d7acff,Commuter,21.168682,79.105287,STR002,Store B - Civil Lines,2804.7,1-3km,3345.4,2804.7,8965.9,1,STR002,False
c4179fa1-2fca-4ae2-b2bf-df6b76de1900,Commuter,21.16001,79.072986,STR001,Store A - Sitabuldi,1329.6,1-3km,1329.6,1531.5,6807.4,2,"STR001,STR002",False
c41e08cf-ad6b-41f7-8de3-3c01e815d195,Commuter,21.168676,79.105264,STR002,Store B - Civil Lines,2802.4,1-3km,3343.0,2802.4,8964.0,1,STR002,False
c477de4b-0120-4089-8d92-7e85e97377dd,Resident,21.168708,79.105299,STR002,Store B - Civil Lines,2807.6,1-3km,3348.1,2807.6,8969.0,1,STR002,False
c57633ce-844c-4d42-b362-07e6b09357b6,Resident,21.159987,79.073016,STR001,Store A - Sitabuldi,1325.8,1-3km,1325.8,1527.5,6805.5,2,"STR001,STR002",False
c57cbbcb-6f5b-43e4-aeb9-5ff32e237654,Resident,21.139405,79.064008,STR001,Store A - Sitabuldi,2034.4,1-3km,2034.4,2588.6,4401.3,2,"STR001,STR002",False
c5a62fea-8e17-41d7-9f1e-3646ee66cfef,Shopper,21.159991,79.073008,STR001,Store A - Sitabuldi,1326.7,1-3km,1326.7,1528.4,6805.8,2,"STR001,STR002",True
c5f7ac2a-9f41-41f1-9877-3c0c9dde25f0,Resident,21.168716,79.105336,STR002,Store B - Civil Lines,2811.0,1-3km,3351.7,2811.0,8971.7,1,STR002,False
c6fe2380-83ca-40fe-a292-620fabf39791,Shopper,21.168692,79.105332,STR002,Store B - Civil Lines,2809.0,1-3km,3349.7,2809.0,8969.3,1,STR002,True
c706c44c-df03-4634-8abf-4a30ae49a0f9,Commuter,21.139407,79.064013,STR001,Store A - Sitabuldi,2033.8,1-3km,2033.8,2588.1,4401.6,2,"STR001,STR002",False
c74522f0-a9d3-436e-b53d-3a52cb136dad,Shopper,21.139401,79.064006,STR001,Store A - Sitabuldi,2034.8,1-3km,2034.8,2589.0,4400.8,2,"STR001,STR002",True
c747acba-3e0a-441c-b4d5-a5371bef2a37,Resident,21.168718,79.105285,STR002,Store B - Civil Lines,2807.2,1-3km,3347.6,2807.2,8969.1,1,STR002,False
c8f4252c-729d-46b6-8de4-e1512cbf587b,Shopper,21.159999,79.072993,STR001,Store A - Sitabuldi,1328.3,1-3km,1328.3,1530.2,6806.4,2,"STR001,STR002",True
c9020d5e-56d9-4a2f-ae83-c1136faba105,Commuter,21.139392,79.063996,STR001,Store A - Sitabuldi,2036.2,1-3km,2036.2,2590.4,4399.7,2,"STR001,STR002",False
c950ae32-e59f-48d0-8807-6c4a0c2a0086,Shopper,21.139391,79.064013,STR001,Store A - Sitabuldi,2034.8,1-3km,2034.8,2589.0,4399.9,2,"STR001,STR002",True
c9d85bda-dcb6-44c7-b555-e24f4e4895f9,Resident,21.139404,79.064012,STR001,Store A - Sitabuldi,2034.1,1-3km,2034.1,2588.3,4401.3,2,"STR001,STR002",False
ca34e016-5b26-4e01-b4bb-5b3ddc910412,Commuter,21.168706,79.105308,STR002,Store B - Civil Lines,2808.1,1-3km,3348.7,2808.1,8969.3,1,STR002,False
ca4cda11-3c3b-455d-8047-3f80791d2560,Resident,21.159997,79.073002,STR001,Store A - Sitabuldi,1327.6,1-3km,1327.6,1529.3,6806.3,2,"STR001,STR002",False
caa2732c-e2f8-42ff-b20d-2612238aa244,Shopper,21.139381,79.063987,STR001,Store A - Sitabuldi,2037.6,1-3km,2037.6,2591.8,4398.4,2,"STR001,STR002",True
caa2c0a9-1d85-43e5-a532-42af87675417,Shopper,21.160011,79.072996,STR001,Store A - Sitabuldi,1329.2,1-3km,1329.2,1530.7,6807.7,2,"STR001,STR002",True
cb4d1169-9f4d-4b0b-9d25-e2cc71784502,Commuter,21.159991,79.072987,STR001,Store A - Sitabuldi,1327.8,1-3km,1327.8,1530.2,6805.3,2,"STR001,STR002",False
cb606ce5-fc1b-4382-9fa8-9e723dab3392,Commuter,21.139413,79.06402,STR001,Store A - Sitabuldi,2032.8,1-3km,2032.8,2587.0,4402.4,2,"STR001,STR002",False
cbe69472-85aa-4703-85be-b224d22b7706,Commuter,21.159999,79.072997,STR001,Store A - Sitabuldi,1328.0,1-3km,1328.0,1529.8,6806.4,2,"STR001,STR002",False
cc15052e-c599-4a11-9feb-9e77d0346c33,Resident,21.168703,79.105272,STR002,Store B - Civil Lines,2805.1,1-3km,3345.6,2805.1,8967.0,1,STR002,False
cc1bf1c4-7a68-487b-b3d3-a1100ae83437,Commuter,21.168697,79.105304,STR002,Store B - Civil Lines,2807.1,1-3km,3347.7,2807.1,8968.1,1,STR002,False
cc75a6d0-d5a6-4e6b-84ab-0afef715fdc1,Resident,21.168702,79.105322,STR002,Store B - Civil Lines,2809.0,1-3km,3349.6,2809.0,8969.7,1,STR002,False
cce31a2b-3135-45fa-90a7-b1af2394830c,Commuter,21.15998,79.072995,STR001,Store A - Sitabuldi,1326.4,1-3km,1326.4,1528.8,6804.3,2,"STR001,STR002",False
ccf8ddea-e4c9-4366-b060-cfeccaffd89d,Commuter,21.168688,79.105302,STR002,Store B - Civil Lines,2806.3,1-3km,3347.0,2806.3,8967.3,1,STR002,False
cdad284c-815f-4761-a401-b0c29f46eeba,Commuter,21.168695,79.105296,STR002,Store B - Civil Lines,2806.4,1-3km,3347.0,2806.4,8967.6,1,STR002,False
ce95d32e-a76e-4010-a771-88f556b8ed28,Commuter,21.139393,79.063989,STR001,Store A - Sitabuldi,2036.7,1-3km,2036.7,2591.0,4399.8,2,"STR001,STR002",False
d0cbcdc8-b02d-4d32-9e5d-315d1825772e,Commuter,21.139407,79.063994,STR001,Store A - Sitabuldi,2035.4,1-3km,2035.4,2589.7,4401.4,2,"STR001,STR002",False
d1d9ba94-6392-4187-be5b-b72f19df0c78,Resident,21.168709,79.105296,STR002,Store B - Civil Lines,2807.4,1-3km,3347.9,2807.4,8968.9,1,STR002,False
d28b7b85-228c-447c-b8e0-8c8db3c3b392,Shopper,21.160015,79.073002,STR001,Store A - Sitabuldi,1329.2,1-3km,1329.2,1530.4,6808.2,2,"STR001,STR002",True
d2a60dbc-5069-4ea0-8837-23ee377a1008,Commuter,21.139401,79.063994,STR001,Store A - Sitabuldi,2035.8,1-3km,2035.8,2590.0,4400.8,2,"STR001,STR002",False
d329fcb5-a890-478b-96b4-c2a35337afc9,Commuter,21.159986,79.073017,STR001,Store A - Sitabuldi,1325.6,1-3km,1325.6,1527.3,6805.4,2,"STR001,STR002",False
d41f9e9e-383a-45c6-a572-521e1b66c38f,Shopper,21.15999,79.072995,STR001,Store A - Sitabuldi,1327.2,1-3km,1327.2,1529.4,6805.4,2,"STR001,STR002",True
d5a27191-ce3b-449d-a3fd-50d64db516c4,Resident,21.168705,79.105297,STR002,Store B - Civil Lines,2807.2,1-3km,3347.8,2807.2,8968.6,1,STR002,False
d691cafa-0afd-471c-adc4-041e930b8b5e,Shopper,21.139394,79.063992,STR001,Store A - Sitabuldi,2036.4,1-3km,2036.4,2590.7,4399.9,2,"STR001,STR002",True
d7777155-0a22-46b4-a3bf-762e6059b08b,Shopper,21.159993,79.072993,STR001,Store A - Sitabuldi,1327.6,1-3km,1327.6,1529.8,6805.6,2,"STR001,STR002",True
d77b0a68-c334-4c50-93a3-ec8967c0f868,Resident,21.168718,79.10529,STR002,Store B - Civil Lines,2807.6,1-3km,3348.1,2807.6,8969.4,1,STR002,False
d7c0e73b-0f1f-4b01-a6f4-1b18abfd0bd4,Commuter,21.168685,79.105273,STR002,Store B - Civil Lines,2803.8,1-3km,3344.4,2803.8,8965.4,1,STR002,False
d7cde8fe-6959-40da-99a6-674f1e38747f,Shopper,21.159994,79.073016,STR001,Store A - Sitabuldi,1326.4,1-3km,1326.4,1527.9,6806.3,2,"STR001,STR002",True
d8e6c073-c979-4c42-93db-0b877123a7de,Shopper,21.139377,79.063999,STR001,Store A - Sitabuldi,2036.9,1-3km,2036.9,2591.1,4398.1,2,"STR001,STR002",True
da92c367-ff4d-4b2a-983b-5b24f461e9b6,Resident,21.168725,79.105297,STR002,Store B - Civil Lines,2808.7,1-3km,3349.2,2808.7,8970.5,1,STR002,False
dba1f353-4ba4-4f63-bd21-3f3d4435c586,Resident,21.160008,79.072986,STR001,Store A - Sitabuldi,1329.4,1-3km,1329.4,1531.3,6807.1,2,"STR001,STR002",False
dbd5f740-dac4-44c1-9f92-5b7da92ae26e,Shopper,21.139389,79.064016,STR001,Store A - Sitabuldi,2034.7,1-3km,2034.7,2588.8,4399.6,2,"STR001,STR002",True
dd1b69bf-20ac-4f5d-81f8-f4738db727b6,Commuter,21.160003,79.073001,STR001,Store A - Sitabuldi,1328.2,1-3km,1328.2,1529.8,6807.0,2,"STR001,STR002",False
dd363ba0-182b-4e5a-924e-d03b25f6a659,Commuter,21.168711,79.105304,STR002,Store B - Civil Lines,2808.2,1-3km,3348.8,2808.2,8969.6,1,STR002,False
dd59101a-be12-4cc5-a19c-4d2f2903d1fd,Shopper,21.159988,79.073018,STR001,Store A - Sitabuldi,1325.8,1-3km,1325.8,1527.4,6805.6,2,"STR001,STR002",True
dd761156-52af-468f-8b8f-65dc079befcf,Resident,21.159984,79.073007,STR001,Store A - Sitabuldi,1326.1,1-3km,1326.1,1528.1,6805.0,2,"STR001,STR002",False
dddc6848-3634-4642-ad31-a9da922f9d12,Commuter,21.168711,79.10532,STR002,Store B - Civil Lines,2809.4,1-3km,3350.0,2809.4,8970.4,1,STR002,False
de7edc13-2961-46f3-ae25-fd3195e7c307,Resident,21.159993,79.072983,STR001,Store A - Sitabuldi,1328.3,1-3km,1328.3,1530.7,6805.5,2,"STR001,STR002",False
deb49568-eb1c-4977-8ddc-60d04096dd16,Resident,21.159988,79.072996,STR001,Store A - Sitabuldi,1327.0,1-3km,1327.0,1529.2,6805.2,2,"STR001,STR002",False
df8a0d3b-fd16-4ed7-964d-dc7ba9f9fff0,Resident,21.168709,79.105281,STR002,Store B - Civil Lines,2806.3,1-3km,3346.8,2806.3,8968.2,1,STR002,False
e0ce73d9-8b8c-437a-a963-a15600570d30,Commuter,21.139379,79.063996,STR001,Store A - Sitabuldi,2037.0,1-3km,2037.0,2591.2,4398.4,2,"STR001,STR002",False
e197957e-a903-42cd-a5b7-0a5a55a28958,Commuter,21.1687,79.105275,STR002,Store B - Civil Lines,2805.1,1-3km,3345.6,2805.1,8966.9,1,STR002,False
e2076eb3-811e-43e4-a5ea-5627869ec421,Resident,21.168689,79.105299,STR002,Store B - Civil Lines,2806.1,1-3km,3346.8,2806.1,8967.2,1,STR002,False
e20c3bdd-2057-4171-8cf3-e02d4114f05e,Resident,21.168706,79.105299,STR002,Store B - Civil Lines,2807.5,1-3km,3348.0,2807.5,8968.8,1,STR002,False
e2108262-0e75-4cfe-bcd2-3c0dde2a00ed,Commuter,21.139387,79.063979,STR001,Store A - Sitabuldi,2037.9,1-3km,2037.9,2592.2,4399.0,2,"STR001,STR002",False
e270e066-89f6-4a86-b2eb-783224d24941,Commuter,21.160016,79.072998,STR001,Store A - Sitabuldi,1329.5,1-3km,1329.5,1530.9,6808.3,2,"STR001,STR002",False
e33a3313-8ef2-44b5-beb8-ba023840cac1,Commuter,21.139409,79.063996,STR001,Store A - Sitabuldi,2035.1,1-3km,2035.1,2589.4,4401.6,2,"STR001,STR002",False
e373b2cf-3ccf-429d-9102-f2231894f28f,Resident,21.168717,79.105298,STR002,Store B - Civil Lines,2808.1,1-3km,3348.6,2808.1,8969.8,1,STR002,False
e4f73786-0920-4daf-80a9-809a7cbbd39e,Resident,21.160015,79.072994,STR001,Store A - Sitabuldi,1329.7,1-3km,1329.7,1531.2,6808.1,2,"STR001,STR002",False
e5271aaa-19d5-4bec-bb4c-acad35421421,Resident,21.168722,79.105268,STR002,Store B - Civil Lines,2806.2,1-3km,3346.6,2806.2,8968.6,1,STR002,False
e55d42db-bcb0-48f6-b317-79f40aa6ee3a,Resident,21.139389,79.063987,STR001,Store A - Sitabuldi,2037.1,1-3km,2037.1,2591.4,4399.4,2,"STR001,STR002",False
e5786118-bff1-44a3-92e0-730441a4acfd,Commuter,21.168685,79.105275,STR002,Store B - Civil Lines,2804.0,1-3km,3344.6,2804.0,8965.5,1,STR002,False
e66b97f9-a8b5-473f-b5bd-329107caeecf,Resident,21.160005,79.072983,STR001,Store A - Sitabuldi,1329.4,1-3km,1329.4,1531.5,6806.8,2,"STR001,STR002",False
e67c5ab0-d529-44d0-a947-3ab3a7dcb1b6,Resident,21.139407,79.064003,STR001,Store A - Sitabuldi,2034.7,1-3km,2034.7,2588.9,4401.5,2,"STR001,STR002",False
e6997ddc-bd4d-4d69-b263-75e6ca88a84a,Resident,21.139378,79.063984,STR001,Store A - Sitabuldi,2038.1,1-3km,2038.1,2592.3,4398.1,2,"STR001,STR002",False
e6be937d-f4e5-474f-8b5c-78c53f257f9a,Shopper,21.159977,79.072967,STR001,Store A - Sitabuldi,1327.7,1-3km,1327.7,1530.9,6803.4,2,"STR001,STR002",True
e75318c4-4b6a-4b51-bca2-e2f4f62545e8,Resident,21.16871,79.105311,STR002,Store B - Civil Lines,2808.7,1-3km,3349.3,2808.7,8969.9,1,STR002,False
e7f9ead9-6bee-4f41-bbd2-a8d5c3b4224c,Resident,21.168671,79.105299,STR002,Store B - Civil Lines,2804.9,1-3km,3345.6,2804.9,8965.5,1,STR002,False
e93e5103-8f52-448d-8b85-7101215799e8,Commuter,21.168689,79.105281,STR002,Store B - Civil Lines,2804.8,1-3km,3345.3,2804.8,8966.2,1,STR002,False
ea6aa8f1-215f-4338-ad00-7c3cfb8bf48c,Commuter,21.16869,79.105317,STR002,Store B - Civil Lines,2807.6,1-3km,3348.3,2807.6,8968.2,1,STR002,False
eb2734ef-47a2-44ab-bda6-3904e1bdfedf,Resident,21.168688,79.105309,STR002,Store B - Civil Lines,2806.9,1-3km,3347.6,2806.9,8967.6,1,STR002,False
eb54e612-5875-4e79-97d5-bb4d5c837cb2,Resident,21.139407,79.064005,STR001,Store A - Sitabuldi,2034.5,1-3km,2034.5,2588.7,4401.5,2,"STR001,STR002",False
eb639618-ea3e-4d71-8bcb-36994c42f408,Commuter,21.168704,79.105287,STR002,Store B - Civil Lines,2806.4,1-3km,3346.9,2806.4,8968.0,1,STR002,False
eb6d5228-6c44-4e70-9242-c3d0bd07abbf,Resident,21.168666,79.105329,STR002,Store B - Civil Lines,2806.8,1-3km,3347.7,2806.8,8966.6,1,STR002,False
eb999264-7187-45ab-9a84-fa6fb3544b5e,Resident,21.168731,79.105285,STR002,Store B - Civil Lines,2808.2,1-3km,3348.6,2808.2,8970.4,1,STR002,False
ec913fff-7649-4930-91e6-88979e084eeb,Resident,21.168703,79.105291,STR002,Store B - Civil Lines,2806.6,1-3km,3347.1,2806.6,8968.1,1,STR002,False
ec9e671b-2111-4a63-a4c2-46d56351b438,Resident,21.160003,79.073008,STR001,Store A - Sitabuldi,1327.7,1-3km,1327.7,1529.2,6807.1,2,"STR001,STR002",False
ecbaed93-f75f-48cc-9eae-33ace38c6aa9,Resident,21.139419,79.063985,STR001,Store A - Sitabuldi,2035.4,1-3km,2035.4,2589.8,4402.7,2,"STR001,STR002",False
eecdc535-cdd5-4bf3-a924-33f2c15f2033,Resident,21.168688,79.10529,STR002,Store B - Civil Lines,2805.4,1-3km,3346.0,2805.4,8966.6,1,STR002,False
ef608e2d-53b6-4ec5-aa40-768def046483,Shopper,21.159996,79.073009,STR001,Store A - Sitabuldi,1327.1,1-3km,1327.1,1528.7,6806.4,2,"STR001,STR002",True
ef72eb68-61b4-45bd-8bde-98aa007fabe6,Commuter,21.139408,79.064004,STR001,Store A - Sitabuldi,2034.5,1-3km,2034.5,2588.8,4401.6,2,"STR001,STR002",False
eff3f767-668c-47d7-960b-ede3f89d839c,Resident,21.139388,79.063991,STR001,Store A - Sitabuldi,2036.8,1-3km,2036.8,2591.1,4399.3,2,"STR001,STR002",False
f34ba64c-f485-4427-8359-a5d93534e6b7,Shopper,21.168689,79.105301,STR002,Store B - Civil Lines,2806.3,1-3km,3347.0,2806.3,8967.3,1,STR002,True
f376bd8a-1838-4bcb-a34b-5fb7405921f9,Commuter,21.159988,79.072989,STR001,Store A - Sitabuldi,1327.5,1-3km,1327.5,1529.9,6805.1,2,"STR001,STR002",False
f4819bce-f6f4-4314-94be-55cb6890ff0a,Commuter,21.139422,79.06401,STR001,Store A - Sitabuldi,2033.1,1-3km,2033.1,2587.4,4403.2,2,"STR001,STR002",False
f5295342-678d-4a09-82b7-88d11a3e3255,Commuter,21.139403,79.063987,STR001,Store A - Sitabuldi,2036.2,1-3km,2036.2,2590.5,4400.9,2,"STR001,STR002",False
f5b4d1f9-a9fc-44f6-859b-d9cf05844e8f,Shopper,21.160028,79.073016,STR001,Store A - Sitabuldi,1329.6,1-3km,1329.6,1530.1,6809.9,2,"STR001,STR002",True
f5e57bc8-e9a9-4b5d-9ec8-ff6d54274fa4,Resident,21.159992,79.072986,STR001,Store A - Sitabuldi,1328.0,1-3km,1328.0,1530.3,6805.5,2,"STR001,STR002",False
f5ee76cf-750b-46b2-a555-ec4dcfd0355d,Commuter,21.139399,79.064023,STR001,Store A - Sitabuldi,2033.5,1-3km,2033.5,2587.7,4400.8,2,"STR001,STR002",False
f67bcd43-5145-4d3a-b323-71975ffaced4,Shopper,21.168708,79.105308,STR002,Store B - Civil Lines,2808.2,1-3km,3348.8,2808.2,8969.4,1,STR002,True
f746cc0d-1a3d-4b55-b148-04cbc11e545e,Resident,21.160003,79.073008,STR001,Store A - Sitabuldi,1327.7,1-3km,1327.7,1529.1,6807.1,2,"STR001,STR002",False
f79c064d-b101-45e4-85d0-df4a3e3c5d51,Commuter,21.139401,79.063988,STR001,Store A - Sitabuldi,2036.3,1-3km,2036.3,2590.6,4400.7,2,"STR001,STR002",False
f7a44efd-4d7b-4216-8224-c5adbc66ffb4,Shopper,21.168678,79.105319,STR002,Store B - Civil Lines,2807.0,1-3km,3347.7,2807.0,8967.3,1,STR002,True
f7f62d6d-efb5-479b-accd-fc10346bdbdd,Commuter,21.168682,79.105269,STR002,Store B - Civil Lines,2803.3,1-3km,3343.9,2803.3,8964.9,1,STR002,False
f958bbda-3904-4860-8162-2f24a99b9563,Resident,21.160007,79.072999,STR001,Store A - Sitabuldi,1328.6,1-3km,1328.6,1530.2,6807.4,2,"STR001,STR002",False
fb81a8bf-4382-45af-81e1-17755bc89010,Commuter,21.159979,79.072989,STR001,Store A - Sitabuldi,1326.6,1-3km,1326.6,1529.2,6804.1,2,"STR001,STR002",False
fbd3c5d4-a186-4ed7-8daf-137aa3b27fd0,Commuter,21.159978,79.072974,STR001,Store A - Sitabuldi,1327.4,1-3km,1327.4,1530.5,6803.7,2,"STR001,STR002",False
fc469784-2411-4445-ae65-72cd28ac5a3a,Shopper,21.168671,79.105303,STR002,Store B - Civil Lines,2805.2,1-3km,3345.9,2805.2,8965.7,1,STR002,True
fce9471c-3c24-4343-bb02-b56d809a65c7,Shopper,21.139396,79.064017,STR001,Store A - Sitabuldi,2034.1,1-3km,2034.1,2588.3,4400.4,2,"STR001,STR002",True
fceff723-4920-406a-9eb6-7ac10e5cfcd4,Commuter,21.168724,79.105304,STR002,Store B - Civil Lines,2809.1,1-3km,3349.6,2809.1,8970.8,1,STR002,False
fda26466-83cf-4866-866b-bd77f4bff97b,Resident,21.16,79.073003,STR001,Store A - Sitabuldi,1327.8,1-3km,1327.8,1529.5,6806.7,2,"STR001,STR002",False
fdcfcd7d-f3ab-4e54-b366-4b5fb766d1a5,Commuter,21.139407,79.063999,STR001,Store A - Sitabuldi,2035.0,1-3km,2035.0,2589.3,4401.4,2,"STR001,STR002",False
fddde5e1-9bb6-431c-ae85-52d2d8518138,Shopper,21.139389,79.064003,STR001,Store A - Sitabuldi,2035.8,1-3km,2035.8,2590.0,4399.5,2,"STR001,STR002",True
fe38d66e-858a-40bc-a3f8-cd60fa2f0135,Commuter,21.139414,79.064006,STR001,Store A - Sitabuldi,2033.9,1-3km,2033.9,2588.2,4402.3,2,"STR001,STR002",False
fea6b059-3cc1-43bd-80dc-17f6a019ba3b,Commuter,21.168686,79.1053,STR002,Store B - Civil Lines,2806.1,1-3km,3346.7,2806.1,8967.0,1,STR002,False
fee78ad3-e385-47d1-9191-278c53fa74d4,Shopper,21.160017,79.073013,STR001,Store A - Sitabuldi,1328.8,1-3km,1328.8,1529.7,6808.7,2,"STR001,STR002",True
ffe9ec42-cf27-4cfd-a198-8a580f96ddb0,Resident,21.13941,79.064,STR001,Store A - Sitabuldi,2034.7,1-3km,2034.7,2589.0,4401.8,2,"STR001,STR002",False
