device_id,persona,home_lat,home_lon,dist_to_STR001_m,dist_to_STR002_m,dist_to_STR003_m,nearest_store_id,nearest_store_name,distance_to_nearest_store_m
00696abc-3e18-4654-b046-796ecebd914b,Commuter,21.139401,79.063988,2036.3,2590.6,4400.7,STR001,Store A - Sitabuldi,2036.3
0073b1d7-4f93-4645-87bd-f51f9ab963a5,Resident,21.139382,79.064024,2034.5,2588.6,4398.9,STR001,Store A - Sitabuldi,2034.5
010591be-e329-4aff-a071-71e865855854,Resident,21.139423,79.063995,2034.3,2588.7,4403.2,STR001,Store A - Sitabuldi,2034.3
01a3a854-fba8-46ff-acca-e866cc6433dd,Shopper,21.16871,79.105296,3348.1,2807.5,8969.1,STR002,Store B - Civil Lines,2807.5
01dbe2c0-8a72-4077-9e72-ab38c0e39846,Shopper,21.139364,79.064,2037.7,2591.8,4396.7,STR001,Store A - Sitabuldi,2037.7
025663f8-6ec4-4a7a-8a6c-238f57ff4c48,Resident,21.168703,79.105291,3347.1,2806.6,8968.1,STR002,Store B - Civil Lines,2806.6
02797c4f-a50e-4a3f-bc14-251641cb31e7,Commuter,21.139413,79.06402,2032.8,2587.0,4402.4,STR001,Store A - Sitabuldi,2032.8
031e906e-73a6-45cc-a8b5-643f652028e1,Resident,21.168703,79.105272,3345.6,2805.1,8967.0,STR002,Store B - Civil Lines,2805.1
0348ae48-9c7d-43d2-ad5f-67ec44eeb0d6,Commuter,21.159996,79.073004,1327.3,1529.1,6806.2,STR001,Store A - Sitabuldi,1327.3
0356b098-01dd-4117-9370-14f4feb5a409,Resident,21.160003,79.073008,1327.7,1529.2,6807.1,STR001,Store A - Sitabuldi,1327.7
03a3cb76-1c60-4802-b32d-6d7a2a2a1ca7,Resident,21.139385,79.064003,2036.0,2590.2,4399.1,STR001,Store A - Sitabuldi,2036.0
04a190df-0209-468b-b57e-489f9a340328,Resident,21.139383,79.063962,2039.7,2594.0,4398.4,STR001,Store A - Sitabuldi,2039.7
052ca643-6cda-4581-84b1-bb9335427078,Commuter,21.160007,79.072992,1329.0,1530.8,6807.2,STR001,Store A - Sitabuldi,1329.0
0558010f-2b14-473c-9da6-bc23f8c94535,Resident,21.168693,79.105291,3346.4,2805.8,8967.1,STR002,Store B - Civil Lines,2805.8
05c57e23-7e36-46fd-ba05-389bddd40023,Commuter,21.160005,79.073,1328.4,1530.0,6807.1,STR001,Store A - Sitabuldi,1328.4
063178ac-3d71-49ef-ad54-f6b3ea96aef0,Commuter,21.168724,79.105304,3349.6,2809.1,8970.8,STR002,Store B - Civil Lines,2809.1
06de090b-571b-4c10-b8e2-c40b0ba063ec,Commuter,21.168676,79.105264,3343.0,2802.4,8964.0,STR002,Store B - Civil Lines,2802.4
07c60b9d-bd2a-4dcd-8f93-fad88fca32f6,Resident,21.168695,79.105312,3348.3,2807.6,8968.5,STR002,Store B - Civil Lines,2807.6
08592b66-cbaa-4aad-b791-a3597840a1c4,Resident,21.159999,79.07301,1327.3,1528.7,6806.7,STR001,Store A - Sitabuldi,1327.3
087ec914-5793-43b4-9e97-cf562fd84f0a,Shopper,21.160023,79.073014,1329.3,1530.0,6809.4,STR001,Store A - Sitabuldi,1329.3
08a8b9e7-4fbc-47f9-82fb-9423b77d939a,Commuter,21.139415,79.064014,2033.2,2587.5,4402.4,STR001,Store A - Sitabuldi,2033.2
08cabd49-46cd-4364-b011-38b23052bb07,Commuter,21.139414,79.064006,2033.9,2588.2,4402.3,STR001,Store A - Sitabuldi,2033.9
098c98f0-079a-4458-9874-252794ef95b4,Resident,21.159993,79.072983,1328.3,1530.7,6805.5,STR001,Store A - Sitabuldi,1328.3
0a41398b-f3b0-4845-9be6-e5437d0a9a88,Resident,21.139398,79.064001,2035.4,2589.6,4400.5,STR001,Store A - Sitabuldi,2035.4
0be7f56e-4d1f-4154-968a-abed865a4388,Commuter,21.160003,79.072987,1329.0,1531.0,6806.7,STR001,Store A - Sitabuldi,1329.0
0c4d587d-a02b-4342-b6c4-58f5682f08f4,Resident,21.159987,79.073016,1325.8,1527.5,6805.5,STR001,Store A - Sitabuldi,1325.8
0c4df4c2-8cf8-4a66-8b8a-e215d83af617,Shopper,21.139407,79.063998,2035.1,2589.3,4401.4,STR001,Store A - Sitabuldi,2035.1
0c8fa059-b21e-43f5-aa0f-5ed3c42cc39f,Resident,21.139421,79.064008,2033.3,2587.7,4403.1,STR001,Store A - Sitabuldi,2033.3
0ce56b06-8381-4f71-8d38-7b2fa2caa14a,Commuter,21.159986,79.073017,1325.6,1527.3,6805.4,STR001,Store A - Sitabuldi,1325.6
0cf5a0c6-640b-4f82-b8e0-510099187d68,Commuter,21.139398,79.063995,2035.9,2590.2,4400.4,STR001,Store A - Sitabuldi,2035.9
0d9ac6fd-cdd8-43ea-9f3d-254e76a9956f,Resident,21.139396,79.064019,2034.0,2588.2,4400.4,STR001,Store A - Sitabuldi,2034.0
0ef9dd40-bcde-44bb-aad2-809c82ac5965,Resident,21.160009,79.072998,1328.8,1530.4,6807.5,STR001,Store A - Sitabuldi,1328.8
0f7b9789-4efe-4a69-a94e-e476c1705277,Resident,21.159996,79.07302,1326.4,1527.7,6806.6,STR001,Store A - Sitabuldi,1326.4
102be4c8-c773-4166-8267-766157fda62a,Commuter,21.139413,79.064003,2034.2,2588.5,4402.2,STR001,Store A - Sitabuldi,2034.2
1170925d-1986-4a9a-b6dc-27be542f612f,Commuter,21.168697,79.105304,3347.7,2807.1,8968.1,STR002,Store B - Civil Lines,2807.1
124e9556-7829-48b1-a0e1-1f44d6fc4a5d,Resident,21.160019,79.072999,1329.8,1531.0,6808.7,STR001,Store A - Sitabuldi,1329.8
1296bdb9-c771-49b7-bd9e-261796e38333,Resident,21.13941,79.063976,2036.7,2591.1,4401.6,STR001,Store A - Sitabuldi,2036.7
13c3743b-3654-4604-8bf1-c81ed4abf9d5,Resident,21.139412,79.064003,2034.4,2588.7,4402.0,STR001,Store A - Sitabuldi,2034.4
13d418af-063a-48d4-a688-c6633c43b198,Commuter,21.139394,79.06399,2036.6,2590.8,4399.9,STR001,Store A - Sitabuldi,2036.6
14ad0b1a-347c-4418-a91f-a7ea24174e18,Resident,21.168717,79.105292,3348.2,2807.7,8969.5,STR002,Store B - Civil Lines,2807.7
14b9000a-1b3c-41a6-b3fd-dc5d69062d0b,Resident,21.159993,79.073,1327.3,1529.2,6805.8,STR001,Store A - Sitabuldi,1327.3
15deb340-0386-43ea-8413-86b3d8bdf116,Resident,21.168697,79.105276,3345.5,2805.0,8966.7,STR002,Store B - Civil Lines,2805.0
162fde13-ac43-4e83-932c-e021599bd6b6,Commuter,21.16001,79.072986,1329.6,1531.5,6807.4,STR001,Store A - Sitabuldi,1329.6
17448c0c-0509-49f4-82e2-fefb5d124d47,Resident,21.168718,79.10529,3348.1,2807.6,8969.4,STR002,Store B - Civil Lines,2807.6
17e55aa8-5611-4658-9c9d-7b210d10c077,Commuter,21.139362,79.064003,2037.5,2591.6,4396.5,STR001,Store A - Sitabuldi,2037.5
1862bcbd-c88b-4d31-9fc6-68def9cc0cfa,Commuter,21.168709,79.105302,3348.4,2807.9,8969.2,STR002,Store B - Civil Lines,2807.9
18fede77-ce1b-4da2-825e-0e6b5d2fab3e,Commuter,21.160008,79.073021,1327.5,1528.4,6807.9,STR001,Store A - Sitabuldi,1327.5
1982a32e-62b4-4515-be3e-053a00931381,Resident,21.160015,79.072994,1329.7,1531.2,6808.1,STR001,Store A - Sitabuldi,1329.7
19c1d11d-2c19-44b1-9921-960d00449d52,Shopper,21.139429,79.064008,2032.8,2587.1,4404.0,STR001,Store A - Sitabuldi,2032.8
19faa863-00c8-456e-8b4b-8cbe15a3bfec,Commuter,21.139399,79.064023,2033.5,2587.7,4400.8,STR001,Store A - Sitabuldi,2033.5
1a510e01-589c-453b-b827-cecf28a6de81,Commuter,21.168699,79.105269,3345.0,2804.5,8966.5,STR002,Store B - Civil Lines,2804.5
1b39f519-30ff-419a-bb98-6270f930933a,Resident,21.160002,79.07302,1327.0,1528.1,6807.2,STR001,Store A - Sitabuldi,1327.0
1b9124f4-68e0-40b1-a497-992c9eb86c6b,Shopper,21.160017,79.073013,1328.8,1529.7,6808.7,STR001,Store A - Sitabuldi,1328.8
1c07e6e2-c479-4511-bfea-5cc6275188e1,Commuter,21.159997,79.073015,1326.8,1528.2,6806.5,STR001,Store A - Sitabuldi,1326.8
1cc0a0c5-3d4c-4a6e-b6bc-7d03a74aaec8,Shopper,21.139391,79.064011,2035.0,2589.2,4399.8,STR001,Store A - Sitabuldi,2035.0
1ce51a3e-6e87-404e-bb0b-cf53e0aa4712,Commuter,21.16869,79.105312,3347.9,2807.2,8968.0,STR002,Store B - Civil Lines,2807.2
1d04d50f-1f55-47a6-9676-f70fa14cbe6e,Shopper,21.168692,79.105327,3349.3,2808.5,8969.0,STR002,Store B - Civil Lines,2808.5
1d408525-a269-40ae-aa92-81d12123cc16,Shopper,21.15999,79.072995,1327.2,1529.4,6805.4,STR001,Store A - Sitabuldi,1327.2
1d70374e-a27d-4d63-926a-201448dbca63,Resident,21.16003,79.072991,1331.2,1532.3,6809.7,STR001,Store A - Sitabuldi,1331.2
1d7c45b6-dc57-414b-b433-b39277788f53,Resident,21.159992,79.072986,1328.0,1530.3,6805.5,STR001,Store A - Sitabuldi,1328.0
2285bd0b-b84d-4954-9b22-e34b7f2e1056,Shopper,21.139412,79.063998,2034.7,2589.0,4402.0,STR001,Store A - Sitabuldi,2034.7
23115587-5d4a-4534-afb0-0b66d30d8692,Resident,21.160034,79.073001,1331.0,1531.8,6810.3,STR001,Store A - Sitabuldi,1331.0
24249df9-0aa8-4717-8a02-9e39a7c3130e,Resident,21.139415,79.06399,2035.2,2589.6,4402.3,STR001,Store A - Sitabuldi,2035.2
2598b624-6561-4a48-8b11-248c8dbab802,Commuter,21.139407,79.06401,2034.1,2588.4,4401.5,STR001,Store A - Sitabuldi,2034.1
25aaa0fc-a462-4f2d-b0c5-fc2c00c9d21e,Commuter,21.168719,79.105303,3349.2,2808.7,8970.2,STR002,Store B - Civil Lines,2808.7
25ba8c23-109b-4166-b4fe-168652a6bcdf,Resident,21.160024,79.072975,1331.6,1533.3,6808.7,STR001,Store A - Sitabuldi,1331.6
26277f82-fa91-4347-b9fa-c7583cc2dc3f,Resident,21.160002,79.072998,1328.3,1530.0,6806.8,STR001,Store A - Sitabuldi,1328.3
26c0a1a1-f778-49d4-9f35-5ddabd796233,Resident,21.16872,79.105303,3349.3,2808.7,8970.3,STR002,Store B - Civil Lines,2808.7
27119787-8d0d-415c-8d2b-8c1230627b6b,Shopper,21.160004,79.072987,1329.0,1531.0,6806.7,STR001,Store A - Sitabuldi,1329.0
28bb8f00-abca-45c6-a552-e391b9bd489a,Resident,21.15997,79.073002,1325.0,1527.6,6803.3,STR001,Store A - Sitabuldi,1325.0
29ae88c5-da3a-42c1-a074-49c1f418b3b8,Resident,21.168714,79.105309,3349.3,2808.8,8970.1,STR002,Store B - Civil Lines,2808.8
2a689e52-1170-47fa-8338-c0e807bd6058,Commuter,21.168711,79.10532,3350.0,2809.4,8970.4,STR002,Store B - Civil Lines,2809.4
2acfa9bf-1d6e-4ed4-b375-38bc64807f6a,Resident,21.139428,79.063983,2035.0,2589.4,4403.6,STR001,Store A - Sitabuldi,2035.0
2b9f5815-fb2c-4ed8-bb7e-a913d8946b72,Shopper,21.160011,79.072996,1329.2,1530.7,6807.7,STR001,Store A - Sitabuldi,1329.2
2bbd8e8f-7b37-44b5-9b2b-b0e4e3652f6a,Shopper,21.139378,79.064001,2036.7,2590.8,4398.2,STR001,Store A - Sitabuldi,2036.7
2bea1e93-5fb8-4d64-a7cc-6f6bd35220eb,Resident,21.1394,79.064011,2034.5,2588.7,4400.8,STR001,Store A - Sitabuldi,2034.5
2c7034f5-ae2e-4916-85ee-5d0df0494263,Shopper,21.160028,79.073016,1329.6,1530.1,6809.9,STR001,Store A - Sitabuldi,1329.6
2c7275ba-f73d-45e4-af02-933ac962c8e6,Resident,21.13941,79.064,2034.7,2589.0,4401.8,STR001,Store A - Sitabuldi,2034.7
2d69170f-0bd1-431f-b334-96fb0196088a,Resident,21.139407,79.064003,2034.7,2588.9,4401.5,STR001,Store A - Sitabuldi,2034.7
2db25674-53c4-45d8-9a62-a588fd9017ee,Resident,21.168717,79.105298,3348.6,2808.1,8969.8,STR002,Store B - Civil Lines,2808.1
2e2597a9-fcc8-4a96-b815-9cc45f836d52,Shopper,21.159982,79.072994,1326.6,1529.0,6804.5,STR001,Store A - Sitabuldi,1326.6
2e7ebc65-8642-4ebe-a600-f42f31c30198,Resident,21.139381,79.063983,2038.0,2592.3,4398.4,STR001,Store A - Sitabuldi,2038.0
2ee7c863-4f25-4c74-95ad-1c40ab42f345,Shopper,21.160015,79.073002,1329.2,1530.4,6808.2,STR001,Store A - Sitabuldi,1329.2
2f705ad7-1cf7-4667-8dbe-90875f183d5a,Shopper,21.168715,79.105294,3348.2,2807.7,8969.4,STR002,Store B - Civil Lines,2807.7
2f7b2843-5596-4471-b86b-6d6b7638ed83,Commuter,21.139379,79.063996,2037.0,2591.2,4398.4,STR001,Store A - Sitabuldi,2037.0
301b0dd0-e677-41a3-adad-b685bb4e6f2b,Shopper,21.168678,79.105319,3347.7,2807.0,8967.3,STR002,Store B - Civil Lines,2807.0
31474127-54da-466f-b5e2-79d81725f204,Shopper,21.139389,79.064003,2035.8,2590.0,4399.5,STR001,Store A - Sitabuldi,2035.8
31de359d-16b3-44d3-a522-b0a08261d471,Commuter,21.168694,79.105297,3347.0,2806.4,8967.5,STR002,Store B - Civil Lines,2806.4
3281c3c4-9111-41a1-8b71-a7bae328990e,Commuter,21.13943,79.064001,2033.3,2587.7,4404.0,STR001,Store A - Sitabuldi,2033.3
334607bb-26a0-4d46-b109-ce0d3c6fb145,Resident,21.139393,79.064021,2034.0,2588.2,4400.1,STR001,Store A - Sitabuldi,2034.0
335b98fc-75e7-477a-a363-49df9d1335c4,Commuter,21.168711,79.105294,3348.0,2807.4,8969.0,STR002,Store B - Civil Lines,2807.4
3550204d-5d36-463d-80b8-074a17ff250d,Shopper,21.168689,79.105301,3347.0,2806.3,8967.3,STR002,Store B - Civil Lines,2806.3
3569067f-3a1e-4eb2-a296-79a8891c0d73,Resident,21.168688,79.10529,3346.0,2805.4,8966.6,STR002,Store B - Civil Lines,2805.4
356dc008-ee69-4016-b9a4-a3edcb123d46,Resident,21.168705,79.105297,3347.8,2807.2,8968.6,STR002,Store B - Civil Lines,2807.2
35c7563c-1e8a-4c4b-9520-d49a70e3913d,Resident,21.16871,79.105293,3347.8,2807.2,8968.8,STR002,Store B - Civil Lines,2807.2
35d68c51-5210-41f7-8d9f-2cea98f6ba7c,Shopper,21.139383,79.064007,2035.8,2590.0,4398.9,STR001,Store A - Sitabuldi,2035.8
35fd6ca0-ecb2-4669-847f-5b16b0975d64,Shopper,21.159994,79.073016,1326.4,1527.9,6806.3,STR001,Store A - Sitabuldi,1326.4
364d2699-ec6b-43f1-9512-4d51358dd821,Commuter,21.168672,79.105296,3345.4,2804.7,8965.4,STR002,Store B - Civil Lines,2804.7
36e289e3-b5da-48d1-b7c7-9156657bccb1,Shopper,21.160014,79.072975,1330.6,1532.7,6807.6,STR001,Store A - Sitabuldi,1330.6
36e8a4e3-4908-4a3b-aa50-7858479c45b7,Resident,21.168698,79.105313,3348.6,2807.9,8968.8,STR002,Store B - Civil Lines,2807.9
373b3600-b15b-4e0c-8a75-acd7b294a458,Resident,21.168692,79.105334,3349.9,2809.1,8969.4,STR002,Store B - Civil Lines,2809.1
37ec589c-014d-40ea-83a3-9f99b7b90cb4,Resident,21.139407,79.064005,2034.5,2588.7,4401.5,STR001,Store A - Sitabuldi,2034.5
38ccd4ce-53b9-44e5-8815-f0da64e9d7a7,Shopper,21.160008,79.073009,1328.2,1529.4,6807.7,STR001,Store A - Sitabuldi,1328.2
39988866-9e21-4a70-96ff-1c40a6e5c816,Commuter,21.160003,79.073002,1328.1,1529.7,6807.0,STR001,Store A - Sitabuldi,1328.1
39f597d0-1009-48b2-8cc5-1c46aa07007d,Shopper,21.139402,79.06401,2034.3,2588.5,4401.1,STR001,Store A - Sitabuldi,2034.3
3b28683d-1f76-49ba-ad13-ce94c1d0d622,Commuter,21.139383,79.064006,2035.9,2590.1,4398.9,STR001,Store A - Sitabuldi,2035.9
3b32eada-efce-43c7-97d5-a27a33eafd9a,Resident,21.168711,79.105302,3348.6,2808.0,8969.4,STR002,Store B - Civil Lines,2808.0
3b504b7d-26d5-44ac-bbd3-d68cd2744721,Shopper,21.139389,79.064016,2034.7,2588.8,4399.6,STR001,Store A - Sitabuldi,2034.7
3c8ad5cc-f1a0-4ea3-a88a-7f8b5abbf0af,Shopper,21.139408,79.064009,2034.1,2588.4,4401.6,STR001,Store A - Sitabuldi,2034.1
3cd895b9-fd1d-4e8d-a0f9-69752d826bcc,Shopper,21.160004,79.073009,1327.8,1529.2,6807.2,STR001,Store A - Sitabuldi,1327.8
3ce43fae-11f6-4e88-8c92-49f94d341c3e,Commuter,21.160021,79.072989,1330.5,1531.9,6808.6,STR001,Store A - Sitabuldi,1330.5
3cf9be7f-096b-4c1a-9f09-686086f922ab,Commuter,21.168682,79.105269,3343.9,2803.3,8964.9,STR002,Store B - Civil Lines,2803.3
3d2f8558-0a18-4e0a-8014-bdf0fc27deb5,Resident,21.160003,79.073008,1327.7,1529.1,6807.1,STR001,Store A - Sitabuldi,1327.7
3f922b7a-144a-4f36-8a36-70963cf8addc,Resident,21.168708,79.105299,3348.1,2807.6,8969.0,STR002,Store B - Civil Lines,2807.6
3fc94457-c80b-48b5-8b88-181e689bb355,Resident,21.168688,79.105309,3347.6,2806.9,8967.6,STR002,Store B - Civil Lines,2806.9
3ff126ed-1dd7-4792-b70e-30536bd2c665,Commuter,21.139403,79.064001,2035.1,2589.3,4401.0,STR001,Store A - Sitabuldi,2035.1
4003e093-de67-4c60-bbdd-641a62c44b4c,Commuter,21.159986,79.073007,1326.2,1528.2,6805.3,STR001,Store A - Sitabuldi,1326.2
40d26b40-2af9-4f8f-a464-7ff5a5f86702,Shopper,21.139375,79.064014,2035.8,2589.9,4398.1,STR001,Store A - Sitabuldi,2035.8
40fef8dd-87e3-4ed0-8268-82fb7a4b3305,Shopper,21.139395,79.064021,2033.9,2588.1,4400.3,STR001,Store A - Sitabuldi,2033.9
414a3c0b-9cd5-48aa-8680-cb828a0dcfbd,Shopper,21.139395,79.06397,2038.3,2592.6,4399.8,STR001,Store A - Sitabuldi,2038.3
41ab488c-18f9-4885-a6d8-be6d65499b2e,Commuter,21.139407,79.063999,2035.0,2589.3,4401.4,STR001,Store A - Sitabuldi,2035.0
42428763-ad99-4315-b208-b273700542e7,Shopper,21.168693,79.105315,3348.4,2807.7,8968.4,STR002,Store B - Civil Lines,2807.7
42bf2019-2a5e-4b4f-afa3-2a49faab5758,Resident,21.139428,79.063979,2035.3,2589.8,4403.6,STR001,Store A - Sitabuldi,2035.3
431666c2-6876-4670-b13f-7769c1d428ac,Resident,21.139386,79.063983,2037.6,2591.9,4399.0,STR001,Store A - Sitabuldi,2037.6
432f9355-86bd-4467-8b3f-5951fecbe726,Shopper,21.168714,79.105265,3345.8,2805.4,8967.7,STR002,Store B - Civil Lines,2805.4
433006ed-b7dc-48f8-99c1-af31e06ba925,Resident,21.139384,79.063983,2037.9,2592.1,4398.7,STR001,Store A - Sitabuldi,2037.9
4345242e-a89e-47fa-941b-075fc409eea0,Commuter,21.168697,79.105303,3347.6,2807.0,8968.1,STR002,Store B - Civil Lines,2807.0
4530910a-28a5-4572-b588-d523eaf1595d,Shopper,21.139402,79.064012,2034.3,2588.5,4401.0,STR001,Store A - Sitabuldi,2034.3
45335fa6-7528-4baf-ba94-7a35b43d028b,Commuter,21.139383,79.063988,2037.5,2591.7,4398.7,STR001,Store A - Sitabuldi,2037.5
458aad01-550f-4d21-9c5c-e3dcb801a5c0,Commuter,21.168705,79.105282,3346.6,2806.0,8967.8,STR002,Store B - Civil Lines,2806.0
459321ae-b2bd-4b3c-bd63-782f4e3754b4,Resident,21.168666,79.105329,3347.7,2806.8,8966.6,STR002,Store B - Civil Lines,2806.8
4598dd02-7467-4532-a89c-8c6188b0d9af,Commuter,21.13939,79.063981,2037.6,2591.9,4399.4,STR001,Store A - Sitabuldi,2037.6
46311c94-085b-4ef1-8a3e-a3b17b24e16f,Shopper,21.159993,79.072993,1327.6,1529.8,6805.6,STR001,Store A - Sitabuldi,1327.6
463f6337-b855-44a7-bb7e-d93a6f6fff5d,Shopper,21.160019,79.073009,1329.2,1530.2,6808.8,STR001,Store A - Sitabuldi,1329.2
4673ac98-f56b-4976-9c63-4cff365b308b,Shopper,21.168674,79.105289,3345.0,2804.3,8965.2,STR002,Store B - Civil Lines,2804.3
472e1baf-92b1-4aba-9931-111a430e2a7d,Shopper,21.160012,79.072976,1330.4,1532.4,6807.4,STR001,Store A - Sitabuldi,1330.4
472e2e89-da6e-4741-b5fa-ac3fc874f560,Resident,21.168711,79.105303,3348.7,2808.1,8969.5,STR002,Store B - Civil Lines,2808.1
47751832-f69b-4756-890c-ae7dc27ada22,Resident,21.168707,79.105315,3349.3,2808.7,8969.8,STR002,Store B - Civil Lines,2808.7
479f9767-0c70-4949-9d2c-ed554a906360,Commuter,21.160006,79.07299,1329.0,1530.8,6807.0,STR001,Store A - Sitabuldi,1329.0
492f42db-c796-4ca5-b806-48aba18e3a5b,Commuter,21.139378,79.064004,2036.4,2590.6,4398.3,STR001,Store A - Sitabuldi,2036.4
4984722e-4d3a-4bf5-9ff8-2775d77640a3,Commuter,21.160021,79.072994,1330.2,1531.5,6808.7,STR001,Store A - Sitabuldi,1330.2
49dd6ac3-f6cf-4ecc-8820-818414678298,Shopper,21.139407,79.063983,2036.4,2590.7,4401.3,STR001,Store A - Sitabuldi,2036.4
4a454e08-4ebc-4c22-af5a-00e625680691,Commuter,21.139385,79.06397,2038.8,2593.1,4398.7,STR001,Store A - Sitabuldi,2038.8
4a617f37-f19a-4e88-9589-b7f1c66da989,Resident,21.168706,79.105299,3348.0,2807.5,8968.8,STR002,Store B - Civil Lines,2807.5
4c7b5791-80f8-4926-9cd7-946fb08d65f5,Commuter,21.139382,79.063997,2036.7,2590.9,4398.7,STR001,Store A - Sitabuldi,2036.7
4c8a9147-ceb0-4c47-aa9c-97d3b1cc527c,Resident,21.1394,79.063998,2035.5,2589.8,4400.7,STR001,Store A - Sitabuldi,2035.5
4c980b74-e698-432d-b42b-f9f4d2ff6f35,Commuter,21.168674,79.10529,3345.0,2804.4,8965.3,STR002,Store B - Civil Lines,2804.4
4cc0d818-e3dd-448b-9f62-ff9d3dbcbb36,Resident,21.159999,79.072996,1328.1,1530.0,6806.4,STR001,Store A - Sitabuldi,1328.1
4cd7ef90-6629-4518-9f1d-4b32c21f1fde,Commuter,21.168688,79.105302,3347.0,2806.3,8967.3,STR002,Store B - Civil Lines,2806.3
4ce2829b-eb43-4745-85b8-af6ce5caf717,Shopper,21.160012,79.072985,1329.9,1531.7,6807.6,STR001,Store A - Sitabuldi,1329.9
4d90c680-214c-49ae-8878-85052ae5b549,Commuter,21.139403,79.063987,2036.2,2590.5,4400.9,STR001,Store A - Sitabuldi,2036.2
4dcf1db0-efd0-4827-b6b8-97e60071173f,Resident,21.139409,79.063986,2036.0,2590.3,4401.5,STR001,Store A - Sitabuldi,2036.0
4ed4b2f9-ca98-4057-8cca-242a2c9a8c9a,Resident,21.160004,79.072983,1329.3,1531.4,6806.7,STR001,Store A - Sitabuldi,1329.3
4ee86eca-400a-4828-884f-0fb7c02628cb,Commuter,21.139408,79.064013,2033.7,2588.0,4401.7,STR001,Store A - Sitabuldi,2033.7
4f7dd40d-e6c8-4ae7-ae6e-c7c800ae8fda,Resident,21.139405,79.064008,2034.4,2588.6,4401.3,STR001,Store A - Sitabuldi,2034.4
4fbe6e0b-5790-4ca6-90e3-275ee42ce064,Commuter,21.159991,79.072987,1327.8,1530.2,6805.3,STR001,Store A - Sitabuldi,1327.8
4ff74d33-18b2-40d0-9449-bd589943090d,Shopper,21.168699,79.105303,3347.8,2807.2,8968.3,STR002,Store B - Civil Lines,2807.2
4fff4f76-2ab7-400c-a658-9fbe06b46a6c,Commuter,21.168712,79.105316,3349.7,2809.1,8970.2,STR002,Store B - Civil Lines,2809.1
500b98db-7016-485b-a818-950d5b83bdc7,Commuter,21.139396,79.063978,2037.5,2591.8,4400.0,STR001,Store A - Sitabuldi,2037.5
50e4a6b5-f110-4294-84bc-4361a94514d9,Resident,21.16871,79.105311,3349.3,2808.7,8969.9,STR002,Store B - Civil Lines,2808.7
511007c1-08f7-4a54-ad5c-bab78aae133c,Commuter,21.16868,79.105319,3347.8,2807.1,8967.4,STR002,Store B - Civil Lines,2807.1
512b8371-db25-4f37-a551-4630ba0463c1,Commuter,21.168688,79.105293,3346.3,2805.7,8966.8,STR002,Store B - Civil Lines,2805.7
5139e05f-8539-4c6b-b62e-ce304757a40f,Shopper,21.16,79.072997,1328.1,1529.9,6806.6,STR001,Store A - Sitabuldi,1328.1
513a039e-41c4-4c8a-871d-bcb2c49d64da,Shopper,21.1687,79.105315,3348.9,2808.3,8969.1,STR002,Store B - Civil Lines,2808.3
5198307b-cbad-46db-993e-f044bbe82606,Commuter,21.168688,79.105277,3345.0,2804.4,8965.9,STR002,Store B - Civil Lines,2804.4
51c878c6-7805-4e83-a942-2ac9a5629454,Shopper,21.1394,79.064006,2034.8,2589.1,4400.7,STR001,Store A - Sitabuldi,2034.8
524eb7d7-0c24-4e17-b2f7-320966613205,Shopper,21.159995,79.073011,1326.8,1528.4,6806.2,STR001,Store A - Sitabuldi,1326.8
52595ce1-43cb-4a2d-80a3-f0a365895ca5,Shopper,21.139377,79.063999,2036.9,2591.1,4398.1,STR001,Store A - Sitabuldi,2036.9
52be3f41-1757-46fc-9cfe-40a6b71c9e15,Shopper,21.168686,79.105289,3345.8,2805.2,8966.4,STR002,Store B - Civil Lines,2805.2
52c372a6-bbd5-40d6-8065-6e6e6a4a3880,Shopper,21.168701,79.105289,3346.9,2806.3,8967.8,STR002,Store B - Civil Lines,2806.3
52d61ee2-0999-454b-b15d-1228ddee11dd,Resident,21.168695,79.105274,3345.1,2804.6,8966.3,STR002,Store B - Civil Lines,2804.6
52da60f8-10b4-409f-bed3-f01923f78111,Commuter,21.139388,79.064027,2033.8,2588.0,4399.6,STR001,Store A - Sitabuldi,2033.8
52faad04-c644-41d3-8edb-16a402828f3e,Shopper,21.159994,79.072971,1329.0,1531.7,6805.3,STR001,Store A - Sitabuldi,1329.0
5362784c-6cdd-4519-aea7-b3ed73294c2f,Shopper,21.159996,79.072978,1328.8,1531.3,6805.7,STR001,Store A - Sitabuldi,1328.8
537924a4-972e-4ac9-a77f-e1d5f9db1ba6,Commuter,21.168707,79.105294,3347.6,2807.1,8968.6,STR002,Store B - Civil Lines,2807.1
54f55f8b-6881-45e9-8a04-0a33b2d0df28,Shopper,21.139411,79.063992,2035.3,2589.6,4401.8,STR001,Store A - Sitabuldi,2035.3
551b57b0-6616-48fa-80b0-ba71919a8998,Shopper,21.139374,79.063977,2039.0,2593.2,4397.6,STR001,Store A - Sitabuldi,2039.0
554df371-3a0f-4edd-a1eb-7e4a79b36cbc,Commuter,21.159998,79.072985,1328.6,1530.8,6806.0,STR001,Store A - Sitabuldi,1328.6
55e72f14-a6a8-4414-aa26-b524114c5258,Shopper,21.159975,79.07301,1325.1,1527.2,6804.1,STR001,Store A - Sitabuldi,1325.1
568e0e7a-d2f7-462d-a699-857f02608aea,Resident,21.168702,79.105291,3347.1,2806.5,8968.0,STR002,Store B - Civil Lines,2806.5
5814dce3-b033-4ea6-984b-ad1e19e94aa6,Resident,21.168731,79.105285,3348.6,2808.2,8970.4,STR002,Store B - Civil Lines,2808.2
59f6341f-013c-4450-bf89-2339832a3c2e,Commuter,21.168718,79.105324,3350.8,2810.2,8971.3,STR002,Store B - Civil Lines,2810.2
5a637055-84c0-4fd8-8605-6060ce10c821,Commuter,21.160009,79.072996,1329.0,1530.6,6807.5,STR001,Store A - Sitabuldi,1329.0
5a8b0819-82be-4ef5-8316-5935e6caa7ef,Commuter,21.139406,79.063995,2035.4,2589.7,4401.3,STR001,Store A - Sitabuldi,2035.4
5acc9f50-052c-4138-8e1a-bbe9e7005abc,Commuter,21.168703,79.105294,3347.4,2806.8,8968.2,STR002,Store B - Civil Lines,2806.8
5b5ade99-cea4-4fbf-a6cf-b3d2b629fec7,Commuter,21.1687,79.10529,3346.9,2806.3,8967.7,STR002,Store B - Civil Lines,2806.3
5d499ce8-ec42-47fc-8cb4-18323c4a44d6,Resident,21.168722,79.105306,3349.7,2809.2,8970.7,STR002,Store B - Civil Lines,2809.2
5e08ee84-e8f9-4b68-b5bd-b79ff64b34ea,Commuter,21.139416,79.063997,2034.6,2588.9,4402.4,STR001,Store A - Sitabuldi,2034.6
5ecf33d7-fd82-4a17-bfe2-1badc15b261a,Shopper,21.159963,79.072983,1325.4,1528.7,6802.2,STR001,Store A - Sitabuldi,1325.4
5f4da11a-03ae-49d5-b7b0-b94e762455ea,Commuter,21.159991,79.073035,1325.1,1526.1,6806.3,STR001,Store A - Sitabuldi,1325.1
5fc7efd3-9d5d-46a7-a4f3-68cc1d69faba,Resident,21.139402,79.064002,2035.1,2589.3,4400.9,STR001,Store A - Sitabuldi,2035.1
607abe1f-8b36-4aa6-88b5-9751f1467ef4,Resident,21.168689,79.105323,3348.8,2808.0,8968.5,STR002,Store B - Civil Lines,2808.0
608b7116-8078-492c-867c-9cbc7856dd7b,Resident,21.160007,79.072989,1329.2,1531.0,6807.1,STR001,Store A - Sitabuldi,1329.2
608bcf60-9b8f-4f46-9a59-f3ca60a03af6,Shopper,21.139418,79.064008,2033.5,2587.8,4402.7,STR001,Store A - Sitabuldi,2033.5
60de8561-379a-430e-b9ed-d9ec920a0162,Resident,21.139429,79.064009,2032.7,2587.1,4404.0,STR001,Store A - Sitabuldi,2032.7
60f6ed56-61b8-44e9-b41f-c30f6f83ed95,Commuter,21.139405,79.064005,2034.7,2588.9,4401.2,STR001,Store A - Sitabuldi,2034.7
6178e088-74e3-4eb2-a919-f24cd9fadb50,Resident,21.168709,79.105307,3348.8,2808.3,8969.5,STR002,Store B - Civil Lines,2808.3
6185959f-16c6-4096-bf2d-21ff62038aaf,Resident,21.168707,79.10532,3349.8,2809.1,8970.0,STR002,Store B - Civil Lines,2809.1
61cceba3-0283-4019-946f-6d5e9cbac3a5,Resident,21.168714,79.105323,3350.5,2809.9,8970.9,STR002,Store B - Civil Lines,2809.9
61d3fd56-e28b-4a5b-8259-969c3aec5499,Resident,21.159992,79.072984,1328.1,1530.5,6805.4,STR001,Store A - Sitabuldi,1328.1
6215cf1e-362b-4704-91eb-b1db256be43a,Resident,21.139402,79.063964,2038.3,2592.6,4400.6,STR001,Store A - Sitabuldi,2038.3
62660c2a-51f5-4a90-988c-47158e7c4dfc,Commuter,21.16871,79.105311,3349.3,2808.7,8969.8,STR002,Store B - Civil Lines,2808.7
62d9abcc-e7e0-40c0-8c75-6af62a827f4a,Shopper,21.168729,79.105293,3349.1,2808.7,8970.7,STR002,Store B - Civil Lines,2808.7
6375c8f7-2d88-46ed-a9cf-794fd221da45,Commuter,21.159988,79.072989,1327.5,1529.9,6805.1,STR001,Store A - Sitabuldi,1327.5
63a3d798-ad64-4ddf-832d-3f5e32c64708,Resident,21.139419,79.063985,2035.4,2589.8,4402.7,STR001,Store A - Sitabuldi,2035.4
63bc8d6e-822d-4372-b0d6-1bbf00b095e5,Resident,21.168679,79.105288,3345.2,2804.6,8965.7,STR002,Store B - Civil Lines,2804.6
64bd5794-bc2c-445e-a840-70784c24800d,Shopper,21.139391,79.064013,2034.8,2589.0,4399.9,STR001,Store A - Sitabuldi,2034.8
650e8656-eb79-4958-840c-9adb2d266aef,Shopper,21.159997,79.073008,1327.2,1528.8,6806.4,STR001,Store A - Sitabuldi,1327.2
664029aa-051e-4673-b2da-79922998e72c,Commuter,21.139402,79.064008,2034.5,2588.8,4401.0,STR001,Store A - Sitabuldi,2034.5
66a4570f-f795-4879-a325-305988cf0414,Resident,21.139406,79.064036,2031.9,2586.1,4401.7,STR001,Store A - Sitabuldi,2031.9
679c31f7-a759-4697-8fa8-373ac061591b,Resident,21.139401,79.064004,2035.0,2589.2,4400.8,STR001,Store A - Sitabuldi,2035.0
67b87275-8844-4e29-9ff0-ffee14d54d9c,Resident,21.168709,79.105296,3347.9,2807.4,8968.9,STR002,Store B - Civil Lines,2807.4
67fa5aec-108f-4711-8c91-7f97cc700692,Resident,21.159997,79.073002,1327.6,1529.3,6806.3,STR001,Store A - Sitabuldi,1327.6
6a311ab4-646e-4937-91d1-c7ac164adaa8,Resident,21.139395,79.064004,2035.3,2589.5,4400.2,STR001,Store A - Sitabuldi,2035.3
6aea275f-337d-4320-aa38-8f04f3406757,Commuter,21.139377,79.063971,2039.3,2593.6,4397.8,STR001,Store A - Sitabuldi,2039.3
6c435173-6d52-4b6a-b5e5-7887ba04e9b9,Resident,21.168687,79.10532,3348.4,2807.7,8968.2,STR002,Store B - Civil Lines,2807.7
6d8bbee9-2fa7-4b1f-ab13-aca8cbd0ba79,Commuter,21.139398,79.063997,2035.7,2590.0,4400.4,STR001,Store A - Sitabuldi,2035.7
6dd9a40b-de07-45a7-a93e-1c70eeffe289,Commuter,21.139403,79.064012,2034.1,2588.4,4401.1,STR001,Store A - Sitabuldi,2034.1
6f492547-8824-46f2-a874-b063a01abfb3,Commuter,21.139407,79.064013,2033.8,2588.1,4401.6,STR001,Store A - Sitabuldi,2033.8
6fa337d4-5a00-46c1-bf2f-4d609ff57df1,Shopper,21.139393,79.064011,2034.8,2589.0,4400.0,STR001,Store A - Sitabuldi,2034.8
6fb2327e-b960-4469-ba0c-d3537626918d,Resident,21.1394,79.063987,2036.4,2590.7,4400.6,STR001,Store A - Sitabuldi,2036.4
6fc7eeac-691b-4da2-a7ec-9b898c661da7,Shopper,21.139406,79.063998,2035.1,2589.4,4401.3,STR001,Store A - Sitabuldi,2035.1
700e7a44-1496-4248-bb30-94de59225524,Resident,21.159992,79.072997,1327.3,1529.4,6805.6,STR001,Store A - Sitabuldi,1327.3
70678a05-0144-496e-9cd6-3944ab4e45d4,Commuter,21.160016,79.072998,1329.5,1530.9,6808.3,STR001,Store A - Sitabuldi,1329.5
70c62c7d-ec9b-4e0f-95bf-41c20a39e252,Resident,21.139423,79.064008,2033.2,2587.5,4403.3,STR001,Store A - Sitabuldi,2033.2
711c60af-6f3a-49e1-82a2-666ee36d5c6c,Commuter,21.168685,79.105275,3344.6,2804.0,8965.5,STR002,Store B - Civil Lines,2804.0
72092710-e7be-4ec3-be15-3d9954881cac,Shopper,21.139414,79.064015,2033.2,2587.5,4402.3,STR001,Store A - Sitabuldi,2033.2
72bc951f-a4d7-4c3f-8dcc-14520e5a273d,Shopper,21.168675,79.105303,3346.2,2805.5,8966.1,STR002,Store B - Civil Lines,2805.5
736a34b4-7eb1-4d86-a3a2-dedec98ac0ff,Resident,21.160019,79.07299,1330.2,1531.7,6808.4,STR001,Store A - Sitabuldi,1330.2
737daf8f-389c-40cf-9d49-ac0b18d2fcf8,Commuter,21.159968,79.072991,1325.5,1528.4,6802.9,STR001,Store A - Sitabuldi,1325.5
744390d6-eebd-43f1-824f-2624ac372673,Commuter,21.16869,79.105285,3345.7,2805.2,8966.5,STR002,Store B - Civil Lines,2805.2
74c82eb9-a6a8-4794-bf5d-b6f5a3c13a0a,Commuter,21.139392,79.063996,2036.2,2590.4,4399.7,STR001,Store A - Sitabuldi,2036.2
74f99100-326a-48ad-a0b2-40f3c08320f6,Resident,21.139404,79.063982,2036.6,2590.9,4400.9,STR001,Store A - Sitabuldi,2036.6
7515aba8-bb72-407c-a608-aa33e427bda8,Commuter,21.168707,79.105288,3347.2,2806.7,8968.3,STR002,Store B - Civil Lines,2806.7
75339c52-da8c-46db-b495-c757b6627c1b,Shopper,21.139389,79.064009,2035.3,2589.5,4399.6,STR001,Store A - Sitabuldi,2035.3
755c9192-f83e-467c-bf78-2b0687882c12,Commuter,21.168703,79.105268,3345.2,2804.8,8966.8,STR002,Store B - Civil Lines,2804.8
762f02ae-adab-4b1c-9b33-1b8e70a6c2b6,Commuter,21.139406,79.063971,2037.4,2591.7,4401.1,STR001,Store A - Sitabuldi,2037.4
7662ca21-0fc2-46db-a2b8-48f1d9937736,Resident,21.168699,79.105306,3348.1,2807.5,8968.5,STR002,Store B - Civil Lines,2807.5
767059d0-2246-42e0-af77-a61c992fd4a1,Commuter,21.16869,79.105317,3348.3,2807.6,8968.2,STR002,Store B - Civil Lines,2807.6
772257cf-bbd8-4cf8-9d4b-83ba1de91cf6,Shopper,21.160017,79.073012,1328.8,1529.8,6808.6,STR001,Store A - Sitabuldi,1328.8
7803ae05-9dbe-4d3b-b70a-f9b88bba1744,Resident,21.139413,79.063983,2036.0,2590.3,4401.9,STR001,Store A - Sitabuldi,2036.0
782d20d2-e54f-4648-b532-095da0959446,Resident,21.139436,79.064,2033.0,2587.4,4404.7,STR001,Store A - Sitabuldi,2033.0
7874ece8-ea0e-4ddd-a8a3-dcc5453b39e9,Commuter,21.159978,79.073001,1325.8,1528.2,6804.2,STR001,Store A - Sitabuldi,1325.8
789b62fc-d640-4d83-b86d-18a0f729f2ca,Shopper,21.160004,79.073009,1327.7,1529.1,6807.2,STR001,Store A - Sitabuldi,1327.7
7a24e57b-cd17-4c8a-819a-284dbd9f7044,Shopper,21.160007,79.073004,1328.3,1529.8,6807.4,STR001,Store A - Sitabuldi,1328.3
7a519e42-66c0-4ff0-9acb-b8d5e4c02245,Resident,21.139389,79.063987,2037.1,2591.4,4399.4,STR001,Store A - Sitabuldi,2037.1
7c0bdb98-dc17-4ce0-af75-4374b22852a3,Resident,21.168678,79.105288,3345.2,2804.5,8965.6,STR002,Store B - Civil Lines,2804.5
7c5820e9-9307-41d1-b520-5af2bc3fc528,Shopper,21.160011,79.073,1329.0,1530.4,6807.8,STR001,Store A - Sitabuldi,1329.0
7ca2065d-6b08-448d-a788-be984439b3d8,Resident,21.139415,79.063996,2034.7,2589.0,4402.3,STR001,Store A - Sitabuldi,2034.7
7ce42c95-b9d6-442c-a0ce-a507f531edbf,Shopper,21.139396,79.064017,2034.1,2588.3,4400.4,STR001,Store A - Sitabuldi,2034.1
7ee01744-ea00-436d-b89a-9b59e350eda7,Shopper,21.160001,79.072968,1329.8,1532.4,6806.0,STR001,Store A - Sitabuldi,1329.8
7f53ea52-8f41-4caa-b8a3-e5cd112ab693,Shopper,21.168703,79.105306,3348.3,2807.7,8968.9,STR002,Store B - Civil Lines,2807.7
8076e0e3-f1fa-4eb8-acc5-c361789b1038,Shopper,21.168701,79.105283,3346.3,2805.8,8967.4,STR002,Store B - Civil Lines,2805.8
81872930-2d23-48f9-889a-e35f481f33fd,Commuter,21.139414,79.063996,2034.8,2589.2,4402.1,STR001,Store A - Sitabuldi,2034.8
81ceb40f-8766-4988-abf2-60ccfbc03459,Commuter,21.16001,79.073004,1328.6,1530.0,6807.7,STR001,Store A - Sitabuldi,1328.6
82897164-6209-48f9-af67-e8d8df150451,Commuter,21.159987,79.072989,1327.4,1529.8,6805.0,STR001,Store A - Sitabuldi,1327.4
841685e0-41f2-41bb-8b9e-2a36a03e93c8,Commuter,21.160018,79.073002,1329.4,1530.6,6808.6,STR001,Store A - Sitabuldi,1329.4
857da424-8ec3-438e-9482-da3623d741cf,Resident,21.168716,79.105336,3351.7,2811.0,8971.7,STR002,Store B - Civil Lines,2811.0
85c63055-3394-4c0e-9bb7-bcfc03d7ffad,Commuter,21.139397,79.064015,2034.3,2588.5,4400.5,STR001,Store A - Sitabuldi,2034.3
85d672c2-4bbd-45ca-ba87-1a789354fdbd,Commuter,21.139408,79.063995,2035.3,2589.6,4401.5,STR001,Store A - Sitabuldi,2035.3
87da4d82-4cba-4611-ae4a-61797c8d0cfe,Shopper,21.168695,79.105299,3347.3,2806.7,8967.8,STR002,Store B - Civil Lines,2806.7
883ad84c-b3db-41cf-967b-cac743e68b59,Commuter,21.16869,79.105291,3346.2,2805.6,8966.8,STR002,Store B - Civil Lines,2805.6
8846eaa1-e37e-4c8e-b8dc-22f8a9b6bd14,Commuter,21.139413,79.063957,2038.1,2592.6,4401.7,STR001,Store A - Sitabuldi,2038.1
884d4710-88f9-4ede-8333-e0ed1edfd8fb,Resident,21.139405,79.064003,2034.8,2589.1,4401.2,STR001,Store A - Sitabuldi,2034.8
88dadf28-a01b-4043-9442-20f8afb33656,Commuter,21.168695,79.105291,3346.6,2806.0,8967.3,STR002,Store B - Civil Lines,2806.0
88db7de8-320d-4a29-9f41-92f82712cbdd,Shopper,21.159991,79.073015,1326.2,1527.8,6805.9,STR001,Store A - Sitabuldi,1326.2
88f16ca4-f564-448f-85b1-7a7d4fe53722,Resident,21.168702,79.105322,3349.6,2809.0,8969.7,STR002,Store B - Civil Lines,2809.0
89341567-7dc3-4744-8385-ae771ee37246,Resident,21.159984,79.073007,1326.1,1528.1,6805.0,STR001,Store A - Sitabuldi,1326.1
8d02cf9c-5763-42a9-b121-cc592cc9f4fb,Shopper,21.168692,79.105298,3346.9,2806.3,8967.4,STR002,Store B - Civil Lines,2806.3
8d5cef83-e8a9-42bb-a08c-226b045ffe9a,Resident,21.168671,79.105299,3345.6,2804.9,8965.5,STR002,Store B - Civil Lines,2804.9
8e31e60f-07da-4d76-a8f5-b4aee4e19a9a,Resident,21.16,79.073003,1327.8,1529.5,6806.7,STR001,Store A - Sitabuldi,1327.8
8e64f1eb-763d-48bc-ab1b-2834b863fc71,Commuter,21.139404,79.063996,2035.5,2589.8,4401.0,STR001,Store A - Sitabuldi,2035.5
8f81c236-768a-4646-923e-00dad2d021fd,Shopper,21.159991,79.073023,1325.9,1527.2,6806.1,STR001,Store A - Sitabuldi,1325.9
8fa62d69-ec98-4ad7-9972-25e2d3d48e4f,Shopper,21.168674,79.105276,3343.9,2803.3,8964.5,STR002,Store B - Civil Lines,2803.3
8ff63d2e-6854-4eae-ba2b-a12d77a4ce24,Shopper,21.139401,79.064012,2034.3,2588.5,4400.9,STR001,Store A - Sitabuldi,2034.3
8ff86d8f-bf07-4bbd-b894-bb466d46fc2c,Commuter,21.139387,79.063979,2037.9,2592.2,4399.0,STR001,Store A - Sitabuldi,2037.9
902012d7-eb80-477e-9fc1-21acc368ed99,Resident,21.168705,79.105297,3347.8,2807.2,8968.6,STR002,Store B - Civil Lines,2807.2
9026fec3-caac-4b80-8649-ee4ca256dd5e,Commuter,21.168689,79.105281,3345.3,2804.8,8966.2,STR002,Store B - Civil Lines,2804.8
904ddbc5-92a4-4095-8e71-8ba5a073c072,Commuter,21.160003,79.073001,1328.2,1529.8,6807.0,STR001,Store A - Sitabuldi,1328.2
90902e1d-818e-4c1a-88c2-c8fb1fe62098,Shopper,21.159977,79.072967,1327.7,1530.9,6803.4,STR001,Store A - Sitabuldi,1327.7
915e7f90-68db-4bd9-90ee-db4ef90df6f4,Resident,21.159941,79.072999,1322.5,1525.9,6800.1,STR001,Store A - Sitabuldi,1322.5
922d0dd8-fa38-4277-8422-a5f46887d839,Commuter,21.159982,79.073035,1324.3,1525.6,6805.4,STR001,Store A - Sitabuldi,1324.3
932c3e47-45c0-4336-9f5e-11606f4fd570,Resident,21.159993,79.072992,1327.7,1529.9,6805.7,STR001,Store A - Sitabuldi,1327.7
9335d938-1986-453a-a2a7-b61199f68494,Resident,21.139393,79.063999,2035.9,2590.1,4399.9,STR001,Store A - Sitabuldi,2035.9
94cb8a6f-a388-443e-8ec5-010084eebfe7,Commuter,21.160021,79.072994,1330.3,1531.6,6808.8,STR001,Store A - Sitabuldi,1330.3
9853bca9-b0e0-4e0f-9180-32a13076b997,Commuter,21.139374,79.063997,2037.3,2591.5,4397.7,STR001,Store A - Sitabuldi,2037.3
9a366280-aa58-4481-8a7c-7c1421dedc8f,Commuter,21.160016,79.072995,1329.7,1531.1,6808.3,STR001,Store A - Sitabuldi,1329.7
9aabea24-d836-4143-b9af-694012ed94bb,Shopper,21.159995,79.073004,1327.2,1529.0,6806.1,STR001,Store A - Sitabuldi,1327.2
9b038c63-bda0-4eaa-9388-2d03056d815f,Resident,21.139379,79.064,2036.7,2590.9,4398.4,STR001,Store A - Sitabuldi,2036.7
9b206ffe-7190-444b-8aac-bdc2b4a89f92,Resident,21.139418,79.063977,2036.2,2590.5,4402.5,STR001,Store A - Sitabuldi,2036.2
9b3715b2-2850-403c-98c8-aa2e850839a4,Commuter,21.139408,79.064004,2034.5,2588.8,4401.6,STR001,Store A - Sitabuldi,2034.5
9b8bd26e-19fd-46c2-81af-6ec14198e75b,Resident,21.168681,79.105258,3342.9,2802.4,8964.2,STR002,Store B - Civil Lines,2802.4
9c70be30-3364-4c13-a936-79c3e7a2941b,Resident,21.168701,79.105308,3348.4,2807.8,8968.8,STR002,Store B - Civil Lines,2807.8
9ca23fa5-a478-4ad6-b7e5-c5c0e09f32b4,Resident,21.159986,79.072992,1327.0,1529.4,6804.9,STR001,Store A - Sitabuldi,1327.0
9cffc3ac-6dee-4820-886d-4518e96a7123,Commuter,21.139399,79.064032,2032.7,2586.9,4400.9,STR001,Store A - Sitabuldi,2032.7
9ea29052-8058-4b12-bda7-7f8cd23da29a,Shopper,21.168721,79.105297,3348.9,2808.4,8970.2,STR002,Store B - Civil Lines,2808.4
9fb800a0-f2aa-4ffe-9dcf-a3714b5fdd5c,Resident,21.160014,79.073006,1328.9,1530.1,6808.2,STR001,Store A - Sitabuldi,1328.9
9fce8ac1-a77f-4c1e-8104-92677bbd2742,Commuter,21.160015,79.072986,1330.1,1531.8,6808.0,STR001,Store A - Sitabuldi,1330.1
9ff08c17-fe58-4c82-8d8c-bebf107c8b0f,Resident,21.139394,79.063987,2036.8,2591.1,4399.9,STR001,Store A - Sitabuldi,2036.8
a02133d6-b153-4e27-8122-9d31b441875d,Resident,21.139398,79.063998,2035.6,2589.9,4400.5,STR001,Store A - Sitabuldi,2035.6
a0a72c83-f292-41b8-b704-81c2d18d535d,Resident,21.168708,79.105284,3346.9,2806.4,8968.2,STR002,Store B - Civil Lines,2806.4
a11db298-2a6d-47e5-8ed9-4bfab52c46f4,Commuter,21.160015,79.072984,1330.3,1532.0,6807.9,STR001,Store A - Sitabuldi,1330.3
a140f07e-2959-404b-b340-e7088d88c535,Commuter,21.1687,79.105275,3345.6,2805.1,8966.9,STR002,Store B - Civil Lines,2805.1
a186e27b-366c-4a58-82ef-038073dbe758,Resident,21.139398,79.06402,2033.8,2588.0,4400.6,STR001,Store A - Sitabuldi,2033.8
a1dbfe7d-4a90-4854-99f9-43ab5018dceb,Resident,21.160001,79.073003,1327.9,1529.5,6806.8,STR001,Store A - Sitabuldi,1327.9
a2060322-ee47-4632-8769-2aaacc137cd0,Resident,21.159992,79.072989,1327.8,1530.0,6805.5,STR001,Store A - Sitabuldi,1327.8
a2443e4d-5f61-4356-900f-f9981aaf703a,Commuter,21.168696,79.10531,3348.3,2807.6,8968.5,STR002,Store B - Civil Lines,2807.6
a250bdaf-4de9-4614-9889-e1c3ca97845e,Resident,21.160011,79.072985,1329.8,1531.6,6807.5,STR001,Store A - Sitabuldi,1329.8
a2df7123-91c9-4836-bdd1-13058e2285c7,Shopper,21.139398,79.064009,2034.7,2589.0,4400.6,STR001,Store A - Sitabuldi,2034.7
a2f470ae-eaf6-4ba6-b4ee-bbc6f58c4f30,Commuter,21.139405,79.063979,2036.9,2591.2,4401.0,STR001,Store A - Sitabuldi,2036.9
a2fad558-5c3a-45e5-ade8-122553b02745,Resident,21.160005,79.073018,1327.4,1528.5,6807.5,STR001,Store A - Sitabuldi,1327.4
a42f5c58-b6ef-4e7d-a954-6f74e64359a4,Shopper,21.168708,79.105268,3345.6,2805.2,8967.3,STR002,Store B - Civil Lines,2805.2
a4395b07-8129-4dca-af5d-456acc40fa16,Commuter,21.168719,79.105304,3349.3,2808.8,8970.3,STR002,Store B - Civil Lines,2808.8
a4725dea-8613-4f0b-9e6d-f991d19ed5a5,Commuter,21.139389,79.063986,2037.2,2591.5,4399.3,STR001,Store A - Sitabuldi,2037.2
a4a019cb-6691-4512-bda9-e5bf143951b1,Resident,21.139376,79.064,2036.9,2591.0,4398.1,STR001,Store A - Sitabuldi,2036.9
a57a3759-b9e3-4e17-b4a9-098b54880f95,Resident,21.139378,79.064006,2036.3,2590.4,4398.3,STR001,Store A - Sitabuldi,2036.3
a5d2df90-3352-4da4-8b31-7ae14c6a7a16,Commuter,21.168715,79.105306,3349.2,2808.7,8970.1,STR002,Store B - Civil Lines,2808.7
a66f897c-9092-462b-a429-cc60b44bf64c,Shopper,21.160009,79.073005,1328.5,1529.8,6807.7,STR001,Store A - Sitabuldi,1328.5
a730de55-96ed-499d-8bf1-e8163cf0d353,Resident,21.139387,79.063983,2037.6,2591.9,4399.0,STR001,Store A - Sitabuldi,2037.6
a75e6203-4c2b-4abd-9912-ee82f8f850a4,Commuter,21.168714,79.10532,3350.3,2809.7,8970.7,STR002,Store B - Civil Lines,2809.7
a8a148d8-9919-4abc-84a3-61999717e08c,Resident,21.139404,79.063999,2035.1,2589.4,4401.1,STR001,Store A - Sitabuldi,2035.1
a8ce102f-2009-4f34-a16b-3457c27ddd51,Commuter,21.159981,79.072998,1326.3,1528.6,6804.5,STR001,Store A - Sitabuldi,1326.3
a8ee2829-9cab-4ef8-bcdc-2eb0c98672cb,Commuter,21.159994,79.072997,1327.5,1529.5,6805.8,STR001,Store A - Sitabuldi,1327.5
a945036f-d1e8-4542-86f6-c4ede90b4d05,Shopper,21.168706,79.10529,3347.2,2806.6,8968.2,STR002,Store B - Civil Lines,2806.6
a9960b9c-3a55-4ef0-8f9d-e1033841b6d4,Resident,21.16,79.073,1327.9,1529.6,6806.6,STR001,Store A - Sitabuldi,1327.9
a9f89cc5-ddca-42a0-a3d5-06dabc62742b,Resident,21.160032,79.072983,1331.9,1533.2,6809.7,STR001,Store A - Sitabuldi,1331.9
a9faef89-178e-42a7-9cf9-e970536c1c57,Resident,21.159976,79.072982,1326.7,1529.6,6803.6,STR001,Store A - Sitabuldi,1326.7
aa0541ca-c567-4de5-9976-3ba70782079d,Resident,21.160031,79.072977,1332.1,1533.6,6809.5,STR001,Store A - Sitabuldi,1332.1
aa0e9686-bd27-4c00-81c6-622d5734be23,Shopper,21.159988,79.073018,1325.8,1527.4,6805.6,STR001,Store A - Sitabuldi,1325.8
aaf66cf2-e374-4e43-aab9-6b873015354b,Commuter,21.139418,79.064,2034.2,2588.5,4402.7,STR001,Store A - Sitabuldi,2034.2
aba15e59-b837-4356-9d98-e81316b2bfa6,Resident,21.168715,79.105284,3347.4,2806.9,8968.8,STR002,Store B - Civil Lines,2806.9
ac276ce2-241a-4fcc-be1a-ea646a12da97,Commuter,21.13939,79.064007,2035.4,2589.6,4399.7,STR001,Store A - Sitabuldi,2035.4
acde2cdc-aea2-4262-b48c-9aa408f08091,Resident,21.168718,79.105285,3347.6,2807.2,8969.1,STR002,Store B - Civil Lines,2807.2
ad339e5f-02aa-4cfc-bc58-d0d787efef70,Commuter,21.139406,79.064002,2034.8,2589.1,4401.3,STR001,Store A - Sitabuldi,2034.8
ad69189a-3131-4496-8c2b-78eefa97bcef,Resident,21.168691,79.105323,3348.9,2808.2,8968.7,STR002,Store B - Civil Lines,2808.2
ad7ba932-960c-427f-bb80-a29a14c723b2,Commuter,21.139377,79.063998,2037.0,2591.1,4398.2,STR001,Store A - Sitabuldi,2037.0
adb54238-ffd1-409b-80db-ab797a058202,Resident,21.1687,79.105311,3348.6,2807.9,8968.9,STR002,Store B - Civil Lines,2807.9
add22bbd-40a7-4c77-b29a-085c2122c4ec,Resident,21.168727,79.105285,3348.3,2807.9,8970.0,STR002,Store B - Civil Lines,2807.9
ae286a3a-b43a-4d54-ac8b-5e469f58eed0,Commuter,21.168689,79.105281,3345.4,2804.8,8966.2,STR002,Store B - Civil Lines,2804.8
ae6724f2-3ae1-4de7-838c-932d641b63f8,Resident,21.160012,79.073006,1328.7,1530.0,6808.0,STR001,Store A - Sitabuldi,1328.7
affd1937-aebf-4c01-8e45-b25da7a9747e,Shopper,21.159996,79.073009,1327.1,1528.7,6806.4,STR001,Store A - Sitabuldi,1327.1
b02a3c04-65b3-4ab7-b1d7-b8095bee537c,Resident,21.13941,79.064019,2033.1,2587.3,4401.9,STR001,Store A - Sitabuldi,2033.1
b05a58a3-2672-41a2-a859-aef0288f5104,Commuter,21.15998,79.072995,1326.4,1528.8,6804.3,STR001,Store A - Sitabuldi,1326.4
b0f59ba2-64ed-4354-8c69-63939c2541f5,Commuter,21.139396,79.063994,2036.1,2590.4,4400.1,STR001,Store A - Sitabuldi,2036.1
b188e8d7-b2e5-4490-9c4f-0a8f5cc46689,Commuter,21.13941,79.063992,2035.3,2589.7,4401.7,STR001,Store A - Sitabuldi,2035.3
b1f90c4f-439d-4bcf-b9f2-40ef5c0f0934,Commuter,21.159999,79.072997,1328.0,1529.8,6806.4,STR001,Store A - Sitabuldi,1328.0
b2bfedb2-64b0-42c8-a7a5-133d81a4f63a,Commuter,21.139427,79.063989,2034.5,2588.9,4403.6,STR001,Store A - Sitabuldi,2034.5
b32dde52-3658-4407-becb-3f943269dd67,Resident,21.139404,79.064012,2034.1,2588.3,4401.3,STR001,Store A - Sitabuldi,2034.1
b3ead82c-831d-4d7b-89f2-7da75afda0ef,Resident,21.168722,79.105268,3346.6,2806.2,8968.6,STR002,Store B - Civil Lines,2806.2
b463b8c8-46e6-4303-915e-bcab49dae4fa,Commuter,21.160016,79.073007,1329.0,1530.0,6808.4,STR001,Store A - Sitabuldi,1329.0
b520eb76-bd51-4ab7-875b-ebfe9157f0ab,Commuter,21.159978,79.072974,1327.4,1530.5,6803.7,STR001,Store A - Sitabuldi,1327.4
b5c2f23f-d841-49e1-ba05-70e770725ee4,Commuter,21.139397,79.064002,2035.4,2589.6,4400.4,STR001,Store A - Sitabuldi,2035.4
b5e27cf6-279b-4397-a667-5964160601d0,Resident,21.16867,79.105297,3345.3,2804.6,8965.3,STR002,Store B - Civil Lines,2804.6
b5fa8d65-5da5-4ff4-a03c-0c8ae444cc42,Commuter,21.159992,79.073013,1326.4,1528.0,6806.0,STR001,Store A - Sitabuldi,1326.4
b63d0c4a-7e0f-485f-9e52-d4a5e46480f7,Commuter,21.139422,79.06401,2033.1,2587.4,4403.2,STR001,Store A - Sitabuldi,2033.1
b72f4424-2b74-4d74-af86-dc56c6970d42,Resident,21.168725,79.105297,3349.2,2808.7,8970.5,STR002,Store B - Civil Lines,2808.7
b7b611d2-3b7c-4e8a-9284-22aa2e4aa5a4,Resident,21.168719,79.105298,3348.8,2808.3,8969.9,STR002,Store B - Civil Lines,2808.3
b8444547-0c02-4e9a-88f0-cdfdfe91d64f,Resident,21.159986,79.072984,1327.5,1530.1,6804.7,STR001,Store A - Sitabuldi,1327.5
b864eb98-6750-450a-94c2-fc54ea25d8c6,Resident,21.168699,79.105325,3349.6,2808.9,8969.5,STR002,Store B - Civil Lines,2808.9
b868a36c-f84a-4aef-8f99-3dbfcf8f57a1,Resident,21.159973,79.073025,1324.0,1525.8,6804.1,STR001,Store A - Sitabuldi,1324.0
b86fe71e-83e7-4f33-bde8-09d950287d70,Resident,21.139378,79.063984,2038.1,2592.3,4398.1,STR001,Store A - Sitabuldi,2038.1
b9333a10-f6d6-40cd-b340-6a837dfd2e78,Resident,21.139407,79.064023,2032.9,2587.1,4401.7,STR001,Store A - Sitabuldi,2032.9
b940fa41-13a4-4a3e-a6b1-5ce5c50600c8,Commuter,21.168689,79.105316,3348.1,2807.4,8968.0,STR002,Store B - Civil Lines,2807.4
b9a1bac3-9942-40fa-9eb5-a49c8426a3fa,Commuter,21.168688,79.105326,3348.9,2808.2,8968.5,STR002,Store B - Civil Lines,2808.2
b9cfc645-515b-4b94-b204-c85092268557,Shopper,21.159989,79.073005,1326.6,1528.5,6805.4,STR001,Store A - Sitabuldi,1326.6
ba1f4bc0-d016-474d-a8e9-0fd3b1393d6d,Commuter,21.139407,79.063998,2035.0,2589.3,4401.5,STR001,Store A - Sitabuldi,2035.0
baffa64d-1656-466e-a15a-1e421db30cf6,Commuter,21.160011,79.073003,1328.7,1530.1,6807.8,STR001,Store A - Sitabuldi,1328.7
bba1495b-72d7-4a86-bb45-10fdf3d11bd4,Shopper,21.168711,79.105315,3349.6,2809.0,8970.1,STR002,Store B - Civil Lines,2809.0
bc04d3c6-92c2-43ba-b747-4c645a16b4db,Resident,21.16869,79.105267,3344.3,2803.7,8965.5,STR002,Store B - Civil Lines,2803.7
bcadc545-5a02-4875-b76b-60a138b95747,Resident,21.1394,79.063995,2035.8,2590.0,4400.6,STR001,Store A - Sitabuldi,2035.8
bde7f2c3-e1c7-4410-9caa-f1400ac5173d,Resident,21.139383,79.063996,2036.8,2591.0,4398.8,STR001,Store A - Sitabuldi,2036.8
bf881174-d769-4b57-98b3-cc5714f9f1c1,Resident,21.160007,79.072999,1328.6,1530.2,6807.4,STR001,Store A - Sitabuldi,1328.6
bfd08b2a-7e0a-40b3-9ae9-f6515c0b35d6,Shopper,21.168685,79.105315,3347.8,2807.1,8967.7,STR002,Store B - Civil Lines,2807.1
bffb2007-9fda-4955-b449-65abdfdffbba,Resident,21.168694,79.105295,3346.9,2806.3,8967.5,STR002,Store B - Civil Lines,2806.3
c085434a-91a4-4630-a54d-a109a3c226f1,Resident,21.160011,79.073005,1328.6,1529.9,6807.9,STR001,Store A - Sitabuldi,1328.6
c08d0131-9a87-4cda-805a-9f6b28280d1b,Resident,21.139395,79.063988,2036.7,2591.0,4400.0,STR001,Store A - Sitabuldi,2036.7
c09fed71-eca7-4c0b-a9fa-7ad749d2d598,Commuter,21.13939,79.063986,2037.1,2591.4,4399.5,STR001,Store A - Sitabuldi,2037.1
c252f393-eede-41c5-9235-f5edbcda88c2,Shopper,21.139386,79.063997,2036.5,2590.7,4399.1,STR001,Store A - Sitabuldi,2036.5
c276cae0-efa2-4704-9de5-6f678953a712,Shopper,21.16869,79.10529,3346.1,2805.5,8966.7,STR002,Store B - Civil Lines,2805.5
c279c32e-d94a-474f-8912-b6274bce473e,Shopper,21.168703,79.105307,3348.5,2807.8,8969.0,STR002,Store B - Civil Lines,2807.8
c2a28b50-8c00-4a7f-ada4-cda5e97a33af,Resident,21.168689,79.105299,3346.8,2806.1,8967.2,STR002,Store B - Civil Lines,2806.1
c3dba69c-83f4-4dd9-92c9-0da61eb416eb,Shopper,21.139394,79.063992,2036.4,2590.7,4399.9,STR001,Store A - Sitabuldi,2036.4
c511a869-c3ef-4ce4-80ce-a4e5775e8549,Commuter,21.159976,79.073,1325.7,1528.1,6804.0,STR001,Store A - Sitabuldi,1325.7
c53ef353-6a92-4176-95c2-96d405b49ad5,Commuter,21.168713,79.105295,3348.2,2807.6,8969.2,STR002,Store B - Civil Lines,2807.6
c5950915-e56d-4c3a-8740-7f66e0e56406,Resident,21.168695,79.105286,3346.1,2805.5,8967.0,STR002,Store B - Civil Lines,2805.5
c5cb63dc-7a8e-42c6-908a-63fe75fce0c3,Commuter,21.168686,79.105306,3347.2,2806.6,8967.3,STR002,Store B - Civil Lines,2806.6
c69bd885-153a-4946-bfc6-30b598b7c358,Commuter,21.168685,79.105273,3344.4,2803.8,8965.4,STR002,Store B - Civil Lines,2803.8
c8348638-c1d0-4659-9c6e-7870b1fef382,Commuter,21.139381,79.06398,2038.2,2592.4,4398.4,STR001,Store A - Sitabuldi,2038.2
c93b6937-0b98-47a4-bca8-faca803d806d,Resident,21.159997,79.073004,1327.4,1529.1,6806.3,STR001,Store A - Sitabuldi,1327.4
cac8bb9c-1e26-4489-a1ea-c92de9ae6892,Shopper,21.168688,79.105301,3346.9,2806.2,8967.2,STR002,Store B - Civil Lines,2806.2
cb402bbb-6f1c-453c-98af-87c08b714573,Commuter,21.160005,79.072996,1328.7,1530.4,6807.1,STR001,Store A - Sitabuldi,1328.7
cbcb6cf4-0c93-4a14-97c6-6a68be240df9,Resident,21.139408,79.064006,2034.3,2588.6,4401.7,STR001,Store A - Sitabuldi,2034.3
cbceee9f-3e05-4623-b809-cb27bde8b5a6,Resident,21.160014,79.073015,1328.3,1529.2,6808.4,STR001,Store A - Sitabuldi,1328.3
cc403a48-34d1-47a3-bc3e-87645d64d00e,Resident,21.139416,79.063999,2034.4,2588.8,4402.4,STR001,Store A - Sitabuldi,2034.4
cd0cf76a-5722-43a9-ab8f-06df3e995cac,Commuter,21.168708,79.105308,3348.9,2808.3,8969.5,STR002,Store B - Civil Lines,2808.3
cdebc422-45a0-47a4-8ccb-451354df12b6,Shopper,21.168713,79.105343,3352.0,2811.3,8971.8,STR002,Store B - Civil Lines,2811.3
ce1eecc4-72ce-44f5-bbfd-d7c4a01165af,Resident,21.168683,79.105305,3346.9,2806.2,8966.9,STR002,Store B - Civil Lines,2806.2
ce6b3c0d-2181-44ac-b1c2-742a13e9950f,Commuter,21.139399,79.063982,2037.0,2591.3,4400.4,STR001,Store A - Sitabuldi,2037.0
ce7c31a7-5b7b-463c-b93f-5339d6382bb7,Resident,21.139388,79.063991,2036.8,2591.1,4399.3,STR001,Store A - Sitabuldi,2036.8
ce95eaab-b25f-4916-a1e4-ea3e24f9fa51,Shopper,21.139401,79.064006,2034.8,2589.0,4400.8,STR001,Store A - Sitabuldi,2034.8
cea7a056-de21-4d2a-8d14-924574958fb6,Resident,21.139403,79.06402,2033.4,2587.6,4401.2,STR001,Store A - Sitabuldi,2033.4
cefe1be0-9ba8-496f-abdc-060a7df50ed0,Commuter,21.160002,79.072993,1328.6,1530.4,6806.7,STR001,Store A - Sitabuldi,1328.6
cf20c36f-dc19-426d-993d-6ab09c589f17,Shopper,21.168709,79.105293,3347.7,2807.2,8968.8,STR002,Store B - Civil Lines,2807.2
cf2b2119-6734-458a-9f05-a8378083bdfe,Resident,21.168689,79.105321,3348.6,2807.9,8968.4,STR002,Store B - Civil Lines,2807.9
cfb31af7-fdbc-4f0c-be2f-72d805f240ca,Resident,21.168731,79.105279,3348.1,2807.7,8970.0,STR002,Store B - Civil Lines,2807.7
d019572e-9222-4dda-9e6c-708c3fde4f5d,Resident,21.168702,79.105319,3349.3,2808.7,8969.5,STR002,Store B - Civil Lines,2808.7
d02f0d33-31f2-48cd-b08b-e004b0809bb7,Commuter,21.160015,79.072997,1329.5,1530.9,6808.1,STR001,Store A - Sitabuldi,1329.5
d26b83ab-a6d9-4937-aca9-2b806da180f5,Commuter,21.168696,79.10531,3348.1,2807.5,8968.4,STR002,Store B - Civil Lines,2807.5
d29b8b11-f102-4ff2-93d4-a8ba36a30d21,Commuter,21.168706,79.105308,3348.7,2808.1,8969.3,STR002,Store B - Civil Lines,2808.1
d37e5057-0af3-4e42-99c9-5b6f44f183eb,Shopper,21.139413,79.06404,2031.1,2585.4,4402.6,STR001,Store A - Sitabuldi,2031.1
d3944839-d66e-450e-9241-8875551bd25c,Shopper,21.16001,79.07299,1329.4,1531.1,6807.5,STR001,Store A - Sitabuldi,1329.4
d3b1713c-d9ff-41ac-aa3a-58f2f7aeb301,Commuter,21.168687,79.105325,3348.8,2808.1,8968.4,STR002,Store B - Civil Lines,2808.1
d43707a7-a9bf-40d1-986c-460363afdfeb,Resident,21.160014,79.073006,1328.8,1530.0,6808.2,STR001,Store A - Sitabuldi,1328.8
d47cca7d-9941-47eb-8256-1e1d8a572b22,Resident,21.159988,79.072996,1327.0,1529.2,6805.2,STR001,Store A - Sitabuldi,1327.0
d62b3419-434f-440c-8fa2-c5f8f26f2199,Shopper,21.159993,79.073029,1325.6,1526.7,6806.4,STR001,Store A - Sitabuldi,1325.6
d68e7eac-e2ec-48b6-938d-50e0cf2b66bd,Commuter,21.168689,79.105299,3346.8,2806.1,8967.1,STR002,Store B - Civil Lines,2806.1
d6c0348c-aa98-45ed-aca3-d64b55891470,Shopper,21.139395,79.064003,2035.4,2589.6,4400.2,STR001,Store A - Sitabuldi,2035.4
d799fef0-6d2c-4c90-a9d7-fa8f6503e713,Commuter,21.139381,79.063978,2038.4,2592.6,4398.3,STR001,Store A - Sitabuldi,2038.4
d9402c9d-c0e0-4af5-a36b-7a8cf90f3c30,Commuter,21.139412,79.06397,2037.1,2591.5,4401.7,STR001,Store A - Sitabuldi,2037.1
d95a9927-29cd-49a0-a3ab-48509733806e,Commuter,21.159979,79.072989,1326.6,1529.2,6804.1,STR001,Store A - Sitabuldi,1326.6
d9c3e664-9ec7-4cfd-9a10-17998ef540b1,Resident,21.13942,79.064026,2031.8,2586.1,4403.2,STR001,Store A - Sitabuldi,2031.8
db05c612-0a44-4e82-9711-0dc9f4d6cc30,Commuter,21.159999,79.07299,1328.4,1530.4,6806.3,STR001,Store A - Sitabuldi,1328.4
db3d2f2b-b754-476d-a3b0-8d46819a1c8d,Resident,21.168723,79.105297,3348.9,2808.5,8970.2,STR002,Store B - Civil Lines,2808.5
dbb202c2-485f-485e-9999-94b15af6db76,Shopper,21.159991,79.073008,1326.7,1528.4,6805.8,STR001,Store A - Sitabuldi,1326.7
dc40ba01-29ec-4e1e-92b3-6f880ddab800,Shopper,21.139413,79.063991,2035.3,2589.6,4402.0,STR001,Store A - Sitabuldi,2035.3
dcbe1014-e763-4c42-8375-fb80d93e4883,Resident,21.159995,79.07299,1328.1,1530.2,6805.9,STR001,Store A - Sitabuldi,1328.1
de9425e8-47f0-45c3-8b3e-f63e9bb1fbb8,Shopper,21.168676,79.105289,3345.1,2804.4,8965.4,STR002,Store B - Civil Lines,2804.4
dee624fb-e9f9-4f79-a540-5fba7799a18c,Shopper,21.139381,79.063987,2037.6,2591.8,4398.4,STR001,Store A - Sitabuldi,2037.6
df803802-e70c-4c12-b187-2de5a1c187bc,Commuter,21.159996,79.072998,1327.6,1529.5,6806.1,STR001,Store A - Sitabuldi,1327.6
df952382-be48-4b64-a708-38e5733ec7e4,Resident,21.139389,79.064022,2034.2,2588.4,4399.6,STR001,Store A - Sitabuldi,2034.2
dfd8b2de-5ea4-42b8-9f3e-2d82b49a0b98,Shopper,21.168704,79.1053,3347.9,2807.4,8968.6,STR002,Store B - Civil Lines,2807.4
dff6f3c6-56ce-4b5a-8e4a-4ef06c784b4f,Commuter,21.139407,79.063994,2035.4,2589.7,4401.4,STR001,Store A - Sitabuldi,2035.4
e0fed223-8018-444f-a36e-78b52fc8dd61,Resident,21.159991,79.073002,1327.0,1528.9,6805.6,STR001,Store A - Sitabuldi,1327.0
e1b24264-7d30-4ac3-9d14-d91c9139f8e1,Shopper,21.159995,79.072996,1327.7,1529.7,6806.0,STR001,Store A - Sitabuldi,1327.7
e26d7c89-4588-4047-ac77-ef8207ea2649,Commuter,21.16869,79.105319,3348.5,2807.8,8968.4,STR002,Store B - Civil Lines,2807.8
e28f5910-9593-4d32-bf8e-8ed023c83d5c,Shopper,21.168708,79.105308,3348.8,2808.2,8969.4,STR002,Store B - Civil Lines,2808.2
e3953bec-8b76-4e6d-b8f4-8f47e16ddfd3,Resident,21.160008,79.072986,1329.4,1531.3,6807.1,STR001,Store A - Sitabuldi,1329.4
e3a27b53-da48-48f5-b2de-a9a742a4ac73,Shopper,21.159993,79.072978,1328.5,1531.0,6805.4,STR001,Store A - Sitabuldi,1328.5
e3baeb69-3535-411a-8942-13fd617e724c,Shopper,21.160025,79.072995,1330.5,1531.7,6809.2,STR001,Store A - Sitabuldi,1330.5
e3d09b43-4e08-48ab-82ea-1dbf35d4c956,Commuter,21.139401,79.06403,2032.7,2586.9,4401.1,STR001,Store A - Sitabuldi,2032.7
e40000f5-588f-4564-98cf-6976e1022fd6,Resident,21.160001,79.07298,1329.1,1531.4,6806.2,STR001,Store A - Sitabuldi,1329.1
e4148d2b-029e-4889-9059-46e350e63a1b,Resident,21.139401,79.064006,2034.8,2589.1,4400.8,STR001,Store A - Sitabuldi,2034.8
e423e830-12a9-455b-bf48-98096deb0bee,Resident,21.139406,79.064025,2032.9,2587.1,4401.6,STR001,Store A - Sitabuldi,2032.9
e4655da2-10a3-4804-a3e3-cf74f10cd632,Commuter,21.168693,79.105307,3347.7,2807.0,8967.9,STR002,Store B - Civil Lines,2807.0
e4ac7d17-c97f-4856-919d-e5b799823882,Resident,21.160017,79.073011,1328.8,1529.8,6808.6,STR001,Store A - Sitabuldi,1328.8
e544bab3-2789-48a7-9b5a-8a5422fb204c,Resident,21.159995,79.072983,1328.4,1530.8,6805.7,STR001,Store A - Sitabuldi,1328.4
e63f50b4-0142-45f2-8f18-035a9e209ae5,Shopper,21.159999,79.072993,1328.3,1530.2,6806.4,STR001,Store A - Sitabuldi,1328.3
e65b9b5d-7c77-4de9-9ac6-51fd0d2167d5,Commuter,21.168718,79.10531,3349.7,2809.1,8970.5,STR002,Store B - Civil Lines,2809.1
e67bd357-be64-436f-8f63-a9a8445a5329,Commuter,21.16,79.073001,1327.9,1529.6,6806.6,STR001,Store A - Sitabuldi,1327.9
e700bbff-3da6-4a67-afe3-5eb201f40a87,Resident,21.168714,79.105285,3347.4,2806.9,8968.8,STR002,Store B - Civil Lines,2806.9
e76504aa-23ba-4147-a6ff-65bfb4f2d8b7,Commuter,21.139369,79.063998,2037.6,2591.7,4397.2,STR001,Store A - Sitabuldi,2037.6
e7f470c5-98cc-43bb-ac4b-b60d408217ef,Commuter,21.160017,79.07301,1328.9,1529.9,6808.7,STR001,Store A - Sitabuldi,1328.9
e832689b-84eb-4bf9-a5c6-b003e871c566,Resident,21.139412,79.063981,2036.2,2590.6,4401.8,STR001,Store A - Sitabuldi,2036.2
e85dae70-20f4-4da6-946a-8d9598585d43,Resident,21.139427,79.063996,2034.0,2588.3,4403.6,STR001,Store A - Sitabuldi,2034.0
e8e2f814-5b45-44ed-841c-c9bc68af9471,Resident,21.139424,79.064009,2033.1,2587.4,4403.4,STR001,Store A - Sitabuldi,2033.1
e8ebc87b-eed7-44b2-a0b5-f2533a95f710,Resident,21.159991,79.072992,1327.5,1529.7,6805.4,STR001,Store A - Sitabuldi,1327.5
e9346f30-6040-4fb5-846a-17148edd4470,Commuter,21.139401,79.063994,2035.8,2590.0,4400.8,STR001,Store A - Sitabuldi,2035.8
e9df70e0-e54e-4f6c-a4e3-85a9c1105306,Resident,21.168723,79.10531,3350.0,2809.5,8971.0,STR002,Store B - Civil Lines,2809.5
ea246a47-5a92-44f4-b55d-e675ca1e7f67,Commuter,21.168711,79.105304,3348.8,2808.2,8969.6,STR002,Store B - Civil Lines,2808.2
eae8dbf4-e63e-451d-b714-66886447fa2c,Resident,21.160004,79.072995,1328.5,1530.3,6806.9,STR001,Store A - Sitabuldi,1328.5
eae93428-5db1-4caf-b2f1-01328d8c74a3,Commuter,21.168686,79.1053,3346.7,2806.1,8967.0,STR002,Store B - Civil Lines,2806.1
eb142da2-88f7-4a4d-8629-59433330dfe8,Commuter,21.168695,79.105296,3347.0,2806.4,8967.6,STR002,Store B - Civil Lines,2806.4
eb4c85d1-9241-4e04-8270-c56436b4da34,Resident,21.168702,79.105287,3346.8,2806.2,8967.8,STR002,Store B - Civil Lines,2806.2
eb82f676-704c-44b0-b72a-7bcba89d0ecc,Commuter,21.159995,79.073001,1327.4,1529.3,6806.1,STR001,Store A - Sitabuldi,1327.4
ebb1494a-7f27-4571-9e75-4b103b47837f,Commuter,21.139409,79.063996,2035.1,2589.4,4401.6,STR001,Store A - Sitabuldi,2035.1
ebd4e1e2-aa5d-4d14-80c4-148103086841,Commuter,21.159993,79.073001,1327.2,1529.2,6805.8,STR001,Store A - Sitabuldi,1327.2
ec09cf83-b151-4ac9-b341-8442d5abbcd5,Shopper,21.160007,79.072982,1329.7,1531.7,6807.0,STR001,Store A - Sitabuldi,1329.7
ed70f606-70b2-4d7a-9757-e609365f4829,Resident,21.168716,79.105303,3349.0,2808.5,8970.0,STR002,Store B - Civil Lines,2808.5
edc0005b-4871-4923-8b02-d174ec2b7a95,Resident,21.168705,79.105298,3347.9,2807.3,8968.7,STR002,Store B - Civil Lines,2807.3
ee576be6-25b0-45f5-a01c-0e7dd4befa5e,Resident,21.168695,79.105283,3345.9,2805.4,8966.9,STR002,Store B - Civil Lines,2805.4
f05cd73b-8584-4b91-93a5-6b0ea970ee52,Shopper,21.159998,79.07298,1328.9,1531.2,6806.0,STR001,Store A - Sitabuldi,1328.9
f0d06cca-5332-4fc5-8514-e054264c5cc8,Resident,21.139401,79.063996,2035.6,2589.9,4400.8,STR001,Store A - Sitabuldi,2035.6
f21f112d-b1e2-4998-a734-23a1d803cc51,Commuter,21.139417,79.064018,2032.8,2587.0,4402.7,STR001,Store A - Sitabuldi,2032.8
f231f0c6-9449-4fae-8eab-b70abbc4ae53,Resident,21.1394,79.063964,2038.4,2592.7,4400.3,STR001,Store A - Sitabuldi,2038.4
f25e087e-6d2e-48e6-aa6d-a7ca98af2f1d,Commuter,21.168682,79.105287,3345.4,2804.7,8965.9,STR002,Store B - Civil Lines,2804.7
f265b06d-e8b2-43a7-9f7e-e5bebd1f3932,Shopper,21.159987,79.073011,1326.1,1527.9,6805.4,STR001,Store A - Sitabuldi,1326.1
f2f5d571-52b9-444d-b6be-1cf4a1b54b85,Resident,21.159991,79.073022,1325.8,1527.2,6806.1,STR001,Store A - Sitabuldi,1325.8
f306397f-1cec-462b-9f8b-46574b3cba81,Commuter,21.139418,79.064001,2034.1,2588.4,4402.7,STR001,Store A - Sitabuldi,2034.1
f443ed22-29d5-437f-a0b5-8baa58a3c978,Commuter,21.139394,79.063989,2036.6,2590.9,4399.9,STR001,Store A - Sitabuldi,2036.6
f5e6e4ea-dec2-4b69-af3f-ce7b12f2c855,Commuter,21.139393,79.063989,2036.7,2591.0,4399.8,STR001,Store A - Sitabuldi,2036.7
f66e928e-5b5e-4adc-b033-86aba89f4caf,Resident,21.168709,79.105281,3346.8,2806.3,8968.2,STR002,Store B - Civil Lines,2806.3
f6adeaab-fe89-42a7-9c80-75bcbc5ad8e7,Resident,21.160005,79.072983,1329.4,1531.5,6806.8,STR001,Store A - Sitabuldi,1329.4
f746d4f3-773d-4de2-9458-60f8b4d4e0da,Commuter,21.168716,79.105304,3349.1,2808.5,8970.0,STR002,Store B - Civil Lines,2808.5
f7d96508-4af0-4ade-aafd-1a117d83e9a5,Commuter,21.159998,79.072972,1329.3,1531.9,6805.7,STR001,Store A - Sitabuldi,1329.3
f81f0cb9-e040-4d98-af3d-9ebf9804f6ae,Commuter,21.168704,79.105287,3346.9,2806.4,8968.0,STR002,Store B - Civil Lines,2806.4
f85fac2d-d046-453b-9f4c-156a061c32e4,Commuter,21.16001,79.073019,1327.8,1528.8,6808.1,STR001,Store A - Sitabuldi,1327.8
f8913a6f-a185-4179-aad8-1a893b7882fe,Commuter,21.168707,79.105329,3350.5,2809.9,8970.6,STR002,Store B - Civil Lines,2809.9
f8bbabf5-cbcd-4246-a6b8-a2f15e63b4ce,Shopper,21.160008,79.073016,1327.8,1528.8,6807.8,STR001,Store A - Sitabuldi,1327.8
f9025f60-48e5-4091-916a-46fbb50aa7d6,Commuter,21.160011,79.073017,1328.0,1529.0,6808.1,STR001,Store A - Sitabuldi,1328.0
f9fe3fda-4120-4ce5-8af1-caef66f14dde,Resident,21.139382,79.064009,2035.8,2590.0,4398.7,STR001,Store A - Sitabuldi,2035.8
fa89954a-f45c-4bd7-9f8e-6739f657c679,Shopper,21.139395,79.064019,2034.0,2588.2,4400.3,STR001,Store A - Sitabuldi,2034.0
faa0d4b4-c905-4b66-876f-9251bb00d2e8,Commuter,21.160003,79.07304,1326.0,1526.5,6807.8,STR001,Store A - Sitabuldi,1326.0
faca3a7b-5a21-447e-a8bc-53304a6b5935,Shopper,21.159987,79.072998,1326.8,1529.0,6805.1,STR001,Store A - Sitabuldi,1326.8
fb74d6b2-1322-4ba6-88d6-acb75807f5a2,Resident,21.13939,79.064035,2033.0,2587.1,4399.9,STR001,Store A - Sitabuldi,2033.0
fc284c0f-c7c0-4743-b5b1-4e414a1e27c0,Commuter,21.159999,79.072981,1328.9,1531.2,6806.1,STR001,Store A - Sitabuldi,1328.9
fd091d43-7cc8-457b-89bd-ad35349b2691,Resident,21.160016,79.072983,1330.4,1532.2,6808.0,STR001,Store A - Sitabuldi,1330.4
fda216ab-7c77-4542-9b1e-85686ff59967,Resident,21.160001,79.07301,1327.5,1528.9,6806.9,STR001,Store A - Sitabuldi,1327.5
fdf692a6-c0da-4dbe-bc60-635db596ee58,Commuter,21.160008,79.072995,1328.9,1530.6,6807.3,STR001,Store A - Sitabuldi,1328.9
fe2a0b7d-d193-415b-9a24-50d26a4972dc,Shopper,21.168671,79.105303,3345.9,2805.2,8965.7,STR002,Store B - Civil Lines,2805.2
fe8c68a2-7c8d-4660-999c-c753de2ad5cb,Shopper,21.168692,79.105332,3349.7,2809.0,8969.3,STR002,Store B - Civil Lines,2809.0